precinct_norm,incidents_previous,incidents_current,incidents_baseline,change_vs_previous,pct_change_vs_previous,improvement_status,improvement_score,change_vs_baseline,pct_change_vs_baseline,comparison_date,neighborhood_scope
0W,0,0,1,0,,Improved vs recent baseline,30.0,-1,-100.0,2026-09-26,ALL
04,3267,2906,3474,-361,-11.049892868074686,Improved vs both years,12.64,-568,-16.350028785261944,2026-09-26,ALL
05,4604,4102,4762,-502,-10.903562119895742,Improved vs both years,11.79,-660,-13.859722805543889,2026-09-26,ALL
07,4106,3799,4507,-307,-7.476863127131028,Improved vs both years,9.95,-708,-15.708897270911915,2026-09-26,ALL
12,6460,6005,6806,-455,-7.043343653250774,Improved vs both years,8.46,-801,-11.769027328827505,2026-09-26,ALL
09,7814,7187,7694,-627,-8.024059380598924,Improved vs both years,7.59,-507,-6.589550298934235,2026-09-26,ALL
02,6103,5763,6059,-340,-5.571030640668524,Improved vs both years,5.37,-296,-4.885294603069814,2026-09-26,ALL
11,4808,4800,5271,-8,-0.16638935108153077,Improved vs both years,2.8,-471,-8.935685828116107,2026-09-26,ALL
06,5984,5920,6023,-64,-1.0695187165775402,Improved vs both years,1.26,-103,-1.7101112402457248,2026-09-26,ALL
08,7153,7191,7480,38,0.5312456312036907,Improved vs recent baseline,0.79,-289,-3.8636363636363638,2026-09-26,ALL
HP,1,1,0,0,0.0,Worse vs recent baseline,-0.0,1,,2026-09-26,ALL
03,7484,7774,7300,290,3.874933190807055,Worse vs recent baseline,-4.66,474,6.493150684931507,2026-09-26,ALL
10,5523,5723,5340,200,3.621220351258374,Worse vs recent baseline,-4.69,383,7.1722846441947565,2026-09-26,ALL
00,9,17,21,8,88.88888888888889,Improved vs recent baseline,-56.51,-4,-19.047619047619047,2026-09-26,ALL
05,63,58,127,-5,-7.936507936507937,Improved vs both years,21.85,-69,-54.330708661417326,2026-09-25,Airport Sub
07,312,250,276,-62,-19.871794871794872,Improved vs both years,16.74,-26,-9.420289855072463,2026-09-25,Airport Sub
09,50,46,70,-4,-8.0,Improved vs both years,15.89,-24,-34.285714285714285,2026-09-25,Airport Sub
11,161,188,232,27,16.770186335403725,Improved vs recent baseline,-6.05,-44,-18.96551724137931,2026-09-25,Airport Sub
03,20,5,15,-15,-75.0,Improved vs both years,72.5,-10,-66.66666666666667,2026-09-24,Arden Park
02,134,184,191,50,37.3134328358209,Improved vs recent baseline,-25.02,-7,-3.6649214659685865,2026-09-21,Aviation Sub
11,0,0,1,0,,Improved vs recent baseline,30.0,-1,-100.0,2026-09-25,Bagley
12,844,690,858,-154,-18.246445497630333,Improved vs both years,18.65,-168,-19.58041958041958,2026-09-25,Bagley
02,940,906,1010,-34,-3.617021276595745,Improved vs both years,5.62,-104,-10.297029702970297,2026-09-25,Barton-McFarland
07,3,2,6,-1,-33.333333333333336,Improved vs both years,43.33,-4,-66.66666666666667,2026-07-29,Belle Isle
08,2,1,0,-1,-50.0,Improved vs recent baseline,35.0,1,,2026-09-23,Belmont
12,0,0,1,0,,Improved vs recent baseline,30.0,-1,-100.0,2026-09-23,Belmont
02,233,205,226,-28,-12.017167381974248,Improved vs both years,11.2,-21,-9.29203539823009,2026-09-23,Belmont
08,225,243,197,18,8.0,Worse vs recent baseline,-12.61,46,23.3502538071066,2026-09-23,Berg-Lahser
08,0,0,1,0,,Improved vs recent baseline,30.0,-1,-100.0,2026-09-25,Bethune Community
02,870,753,792,-117,-13.448275862068966,Improved vs both years,10.89,-39,-4.924242424242424,2026-09-25,Bethune Community
10,3,3,3,0,0.0,No change,-0.0,0,0.0,2026-09-25,Bethune Community
12,436,419,343,-17,-3.8990825688073394,Improved vs recent baseline,-3.92,76,22.157434402332363,2026-09-25,Bethune Community
12,106,75,131,-31,-29.245283018867923,Improved vs both years,33.3,-56,-42.74809160305343,2026-09-15,Blackstone Park
10,111,95,134,-16,-14.414414414414415,Improved vs both years,18.82,-39,-29.104477611940297,2026-09-24,Boston Edison
03,0,1,0,1,,Worse vs recent baseline,-0.0,1,,2026-09-24,Boston Edison
06,3,0,0,-3,-100.0,Improved vs recent baseline,70.0,0,,2026-09-25,Boynton
04,416,372,413,-44,-10.576923076923077,Improved vs both years,10.38,-41,-9.927360774818402,2026-09-25,Boynton
03,52,44,70,-8,-15.384615384615385,Improved vs both years,21.91,-26,-37.142857142857146,2026-09-25,Brewster Homes
00,0,0,3,0,,Improved vs recent baseline,30.0,-3,-100.0,2026-09-25,Brightmoor
10,0,0,1,0,,Improved vs recent baseline,30.0,-1,-100.0,2026-09-25,Brightmoor
06,605,625,680,20,3.3057851239669422,Improved vs recent baseline,0.11,-55,-8.088235294117647,2026-09-25,Brightmoor
08,357,410,427,53,14.84593837535014,Improved vs recent baseline,-9.2,-17,-3.981264637002342,2026-09-25,Brightmoor
03,155,183,210,28,18.06451612903226,Improved vs recent baseline,-8.79,-27,-12.857142857142858,2026-09-25,Brush Park
11,258,240,284,-18,-6.976744186046512,Improved vs both years,9.53,-44,-15.492957746478874,2026-09-25,Buffalo Charles
00,0,1,0,1,,Worse vs recent baseline,-0.0,1,,2026-09-25,Buffalo Charles
11,213,193,193,-20,-9.389671361502348,Improved vs recent baseline,6.57,0,0.0,2026-09-25,Butler
02,87,109,99,22,25.28735632183908,Worse vs recent baseline,-20.73,10,10.1010101010101,2026-09-25,Cadillac Community
11,228,252,254,24,10.526315789473685,Improved vs recent baseline,-7.13,-2,-0.7874015748031497,2026-09-23,Cadillac Heights
11,82,117,131,35,42.68292682926829,Improved vs recent baseline,-26.67,-14,-10.687022900763358,2026-09-25,Campau/Banglatown
04,29,28,22,-1,-3.4482758620689653,Improved vs recent baseline,-5.77,6,27.272727272727273,2026-09-10,Carbon Works
06,124,141,141,17,13.709677419354838,Worse vs recent baseline,-9.6,0,0.0,2026-09-25,Castle Rouge
03,3,1,2,-2,-66.66666666666667,Improved vs both years,61.67,-1,-50.0,2026-09-24,Central Southwest
04,730,650,740,-80,-10.95890410958904,Improved vs both years,11.32,-90,-12.162162162162161,2026-09-24,Central Southwest
00,0,1,0,1,,Worse vs recent baseline,-0.0,1,,2026-09-24,Central Southwest
04,194,192,234,-2,-1.0309278350515463,Improved vs both years,6.11,-42,-17.94871794871795,2026-09-24,Chadsey Condon
10,36,32,28,-4,-11.11111111111111,Improved vs recent baseline,3.49,4,14.285714285714286,2026-09-24,Chadsey Condon
03,104,166,129,62,59.61538461538461,Worse vs recent baseline,-50.34,37,28.68217054263566,2026-09-24,Chadsey Condon
10,250,316,256,66,26.4,Worse vs recent baseline,-25.51,60,23.4375,2026-09-24,Chalfonte
09,0,0,1,0,,Improved vs recent baseline,30.0,-1,-100.0,2026-09-26,Chandler Park
05,274,223,239,-51,-18.613138686131386,Improved vs both years,15.04,-16,-6.694560669456067,2026-09-26,Chandler Park
05,114,111,143,-3,-2.6315789473684212,Improved vs both years,8.56,-32,-22.377622377622377,2026-09-21,Chandler Park-Chalmers
00,0,0,2,0,,Improved vs recent baseline,30.0,-2,-100.0,2026-09-25,Claytown
12,0,0,1,0,,Improved vs recent baseline,30.0,-1,-100.0,2026-09-25,Claytown
04,765,672,844,-93,-12.156862745098039,Improved vs both years,14.62,-172,-20.379146919431278,2026-09-25,Claytown
02,2,12,9,10,500.0,Worse vs recent baseline,-360.0,3,33.333333333333336,2026-09-25,Claytown
06,0,0,1,0,,Improved vs recent baseline,30.0,-1,-100.0,2026-09-24,College Park
08,546,543,629,-3,-0.5494505494505495,Improved vs both years,4.49,-86,-13.672496025437201,2026-09-24,College Park
12,0,0,1,0,,Improved vs recent baseline,30.0,-1,-100.0,2026-09-23,Conant Gardens
11,97,101,98,4,4.123711340206185,Worse vs recent baseline,-3.8,3,3.061224489795918,2026-09-23,Conant Gardens
05,0,0,1,0,,Improved vs recent baseline,30.0,-1,-100.0,2026-09-22,Conner Creek
11,101,80,79,-21,-20.792079207920793,Improved vs recent baseline,14.17,1,1.2658227848101267,2026-09-22,Conner Creek
09,323,323,345,0,0.0,Improved vs recent baseline,1.91,-22,-6.3768115942028984,2026-09-22,Conner Creek
05,177,156,173,-21,-11.864406779661017,Improved vs both years,11.25,-17,-9.826589595375722,2026-09-24,Conner Creek Industrial
03,129,151,169,22,17.05426356589147,Improved vs recent baseline,-8.74,-18,-10.650887573964496,2026-09-19,Core City
03,236,328,339,92,38.983050847457626,Improved vs recent baseline,-26.31,-11,-3.2448377581120944,2026-09-24,Corktown
09,2,0,1,-2,-100.0,Improved vs both years,100.0,-1,-100.0,2026-09-25,Cornerstone Village
05,984,889,948,-95,-9.654471544715447,Improved vs both years,8.63,-59,-6.223628691983122,2026-09-25,Cornerstone Village
00,0,0,1,0,,Improved vs recent baseline,30.0,-1,-100.0,2026-09-25,Crary/St Marys
09,0,0,1,0,,Improved vs recent baseline,30.0,-1,-100.0,2026-09-25,Crary/St Marys
08,520,586,665,66,12.692307692307692,Improved vs recent baseline,-5.32,-79,-11.8796992481203,2026-09-25,Crary/St Marys
02,1,2,3,1,100.0,Improved vs recent baseline,-60.0,-1,-33.333333333333336,2026-09-25,Crary/St Marys
03,181,153,143,-28,-15.469613259668508,Improved vs recent baseline,8.73,10,6.993006993006993,2026-09-26,Cultural Center
11,296,296,309,0,0.0,Improved vs recent baseline,1.26,-13,-4.207119741100324,2026-09-24,Davison
03,0,2,0,2,,Worse vs recent baseline,-0.0,2,,2026-09-24,Davison
02,6,4,5,-2,-33.333333333333336,Improved vs both years,29.33,-1,-20.0,2026-09-23,Davison-Schoolcraft
10,180,185,192,5,2.7777777777777777,Improved vs recent baseline,-0.85,-7,-3.6458333333333335,2026-09-23,Davison-Schoolcraft
04,122,110,114,-12,-9.836065573770492,Improved vs both years,7.94,-4,-3.508771929824561,2026-09-23,Delray
09,335,313,318,-22,-6.567164179104478,Improved vs both years,5.07,-5,-1.5723270440251573,2026-09-25,Denby
12,42,25,30,-17,-40.476190476190474,Improved vs both years,33.33,-5,-16.666666666666668,2026-09-23,Detroit Golf
00,0,1,0,1,,Worse vs recent baseline,-0.0,1,,2026-09-23,Detroit Golf
10,132,115,133,-17,-12.878787878787879,Improved vs both years,13.08,-18,-13.533834586466165,2026-09-22,Dexter-Fenkell
02,0,1,0,1,,Worse vs recent baseline,-0.0,1,,2026-09-22,Dexter-Fenkell
10,1086,1216,1043,130,11.970534069981584,Worse vs recent baseline,-13.36,173,16.586768935762226,2026-09-25,Dexter-Linwood
03,4,5,5,1,25.0,Worse vs recent baseline,-17.5,0,0.0,2026-07-04,Douglass
09,1,0,0,-1,-100.0,Improved vs recent baseline,70.0,0,,2026-09-26,Downtown
07,5,5,7,0,0.0,Improved vs recent baseline,8.57,-2,-28.571428571428573,2026-09-26,Downtown
04,0,1,0,1,,Worse vs recent baseline,-0.0,1,,2026-09-26,Downtown
03,2078,2098,1889,20,0.9624639076034649,Worse vs recent baseline,-3.99,209,11.064055055584966,2026-09-26,Downtown
05,44,44,56,0,0.0,Improved vs recent baseline,6.43,-12,-21.428571428571427,2026-09-24,East Canfield
05,353,304,388,-49,-13.881019830028329,Improved vs both years,16.21,-84,-21.649484536082475,2026-09-25,East English Village
09,1,1,2,0,0.0,Improved vs recent baseline,15.0,-1,-50.0,2026-09-25,East English Village
00,0,1,0,1,,Worse vs recent baseline,-0.0,1,,2026-09-25,East English Village
09,0,0,1,0,,Improved vs recent baseline,30.0,-1,-100.0,2026-09-25,East Village
05,232,192,255,-40,-17.24137931034483,Improved vs both years,19.48,-63,-24.705882352941178,2026-09-25,East Village
07,190,175,266,-15,-7.894736842105263,Improved vs both years,15.79,-91,-34.21052631578947,2026-09-25,East Village
07,184,138,174,-46,-25.0,Improved vs both years,23.71,-36,-20.689655172413794,2026-09-20,Eastern Market
03,2,2,2,0,0.0,No change,-0.0,0,0.0,2026-09-20,Eastern Market
05,0,1,0,1,,Worse vs recent baseline,-0.0,1,,2026-09-20,Eastern Market
09,321,315,303,-6,-1.8691588785046729,Improved vs recent baseline,0.12,12,3.9603960396039604,2026-09-25,Eden Gardens
03,214,228,171,14,6.542056074766355,Worse vs recent baseline,-14.58,57,33.333333333333336,2026-09-23,Elijah McCoy
10,12,17,15,5,41.666666666666664,Worse vs recent baseline,-33.17,2,13.333333333333334,2026-09-23,Elijah McCoy
00,0,0,1,0,,Improved vs recent baseline,30.0,-1,-100.0,2026-09-20,Eliza Howell
03,0,0,1,0,,Improved vs recent baseline,30.0,-1,-100.0,2026-09-20,Eliza Howell
06,154,170,152,16,10.38961038961039,Worse vs recent baseline,-10.83,18,11.842105263157896,2026-09-20,Eliza Howell
07,679,605,613,-74,-10.89837997054492,Improved vs both years,8.02,-8,-1.3050570962479608,2026-09-24,Elmwood Park
08,500,506,453,6,1.2,Worse vs recent baseline,-4.35,53,11.699779249448124,2026-09-26,Evergreen Lahser 7/8
08,478,551,537,73,15.271966527196653,Worse vs recent baseline,-11.47,14,2.60707635009311,2026-09-24,Evergreen-Outer Drive
06,199,160,165,-39,-19.597989949748744,Improved vs both years,14.63,-5,-3.0303030303030303,2026-09-21,Far West Detroit
11,661,673,709,12,1.8154311649016641,Improved vs recent baseline,0.25,-36,-5.077574047954866,2026-09-26,Farwell
02,198,218,172,20,10.1010101010101,Worse vs recent baseline,-15.09,46,26.74418604651163,2026-09-22,Fiskhorn
12,744,719,764,-25,-3.360215053763441,Improved vs both years,4.12,-45,-5.890052356020942,2026-09-25,Fitzgerald/Marygrove
10,65,84,71,19,29.23076923076923,Worse vs recent baseline,-25.95,13,18.309859154929576,2026-09-25,Fitzgerald/Marygrove
08,237,242,252,5,2.109704641350211,Improved vs recent baseline,-0.29,-10,-3.9682539682539684,2026-09-24,Five Points
07,135,149,149,14,10.37037037037037,Worse vs recent baseline,-7.26,0,0.0,2026-09-21,Forest Park
03,4,8,5,4,100.0,Worse vs recent baseline,-88.0,3,60.0,2026-09-21,Forest Park
05,315,294,264,-21,-6.666666666666667,Improved vs recent baseline,1.26,30,11.363636363636363,2026-09-24,Fox Creek
09,409,398,391,-11,-2.6894865525672373,Improved vs recent baseline,1.35,7,1.7902813299232736,2026-09-24,Franklin
05,0,1,0,1,,Worse vs recent baseline,-0.0,1,,2026-09-24,Franklin
00,0,1,0,1,,Worse vs recent baseline,-0.0,1,,2026-09-25,Franklin Park
06,1109,1141,1038,32,2.885482416591524,Worse vs recent baseline,-5.0,103,9.922928709055876,2026-09-25,Franklin Park
12,180,147,191,-33,-18.333333333333332,Improved vs both years,19.74,-44,-23.036649214659686,2026-09-23,Garden Homes
06,135,105,126,-30,-22.22222222222222,Improved vs both years,20.56,-21,-16.666666666666668,2026-09-24,Garden View
HP,0,1,0,1,,Worse vs recent baseline,-0.0,1,,2026-09-21,Gateway Community
10,94,107,89,13,13.829787234042554,Worse vs recent baseline,-15.75,18,20.224719101123597,2026-09-21,Gateway Community
03,71,82,51,11,15.492957746478874,Worse vs recent baseline,-29.08,31,60.78431372549019,2026-09-21,Gateway Community
05,0,0,2,0,,Improved vs recent baseline,30.0,-2,-100.0,2026-09-23,Gold Coast
07,208,204,211,-4,-1.9230769230769231,Improved vs both years,2.34,-7,-3.3175355450236967,2026-09-23,Gold Coast
02,513,419,427,-94,-18.323586744639375,Improved vs both years,13.39,-8,-1.873536299765808,2026-09-23,Grand River-I96
00,0,1,0,1,,Worse vs recent baseline,-0.0,1,,2026-09-23,Grand River-I96
06,1,0,0,-1,-100.0,Improved vs recent baseline,70.0,0,,2026-09-23,Grand River-St Marys
02,2,1,0,-1,-50.0,Improved vs recent baseline,35.0,1,,2026-09-23,Grand River-St Marys
08,273,248,242,-25,-9.157509157509157,Improved vs recent baseline,5.67,6,2.479338842975207,2026-09-23,Grand River-St Marys
08,128,141,170,13,10.15625,Improved vs recent baseline,-1.99,-29,-17.058823529411764,2026-09-19,Grandmont
06,3,7,4,4,133.33333333333334,Worse vs recent baseline,-115.83,3,75.0,2026-09-19,Grandmont
06,1,0,4,-1,-100.0,Improved vs both years,100.0,-4,-100.0,2026-09-25,Grandmont #1
08,89,116,101,27,30.337078651685392,Worse vs recent baseline,-25.69,15,14.851485148514852,2026-09-25,Grandmont #1
11,235,219,246,-16,-6.808510638297872,Improved vs both years,8.06,-27,-10.975609756097562,2026-09-24,Grant
07,204,182,245,-22,-10.784313725490197,Improved vs both years,15.26,-63,-25.714285714285715,2026-09-22,Gratiot Town/Kettering
03,0,1,0,1,,Worse vs recent baseline,-0.0,1,,2026-09-22,Gratiot Town/Kettering
07,142,126,145,-16,-11.267605633802816,Improved vs both years,11.82,-19,-13.10344827586207,2026-09-23,Gratiot Woods
09,280,260,247,-20,-7.142857142857143,Improved vs recent baseline,3.42,13,5.2631578947368425,2026-09-24,Gratiot-Findlay
07,222,224,243,2,0.9009009009009009,Improved vs recent baseline,1.72,-19,-7.818930041152264,2026-09-26,Gratiot-Grand
11,0,1,0,1,,Worse vs recent baseline,-0.0,1,,2026-09-26,Gratiot-Grand
03,267,241,266,-26,-9.737827715355806,Improved vs both years,9.64,-25,-9.398496240601503,2026-09-24,Greektown
00,0,0,1,0,,Improved vs recent baseline,30.0,-1,-100.0,2026-09-24,Green Acres
12,87,119,100,32,36.7816091954023,Worse vs recent baseline,-31.45,19,19.0,2026-09-24,Green Acres
08,727,688,657,-39,-5.364511691884457,Improved vs recent baseline,2.34,31,4.718417047184171,2026-09-25,Greenfield
12,2,3,2,1,50.0,Worse vs recent baseline,-50.0,1,50.0,2026-09-25,Greenfield
11,114,67,121,-47,-41.228070175438596,Improved vs both years,42.25,-54,-44.62809917355372,2026-09-16,Greenfield Park
06,4,2,1,-2,-50.0,Improved vs recent baseline,5.0,1,100.0,2026-09-22,Greenfield-Grand River
02,0,3,3,3,,Worse vs recent baseline,-0.0,0,0.0,2026-09-22,Greenfield-Grand River
08,251,267,234,16,6.374501992031872,Worse vs recent baseline,-8.69,33,14.102564102564102,2026-09-22,Greenfield-Grand River
12,104,111,132,7,6.730769230769231,Improved vs recent baseline,0.06,-21,-15.909090909090908,2026-09-22,Greenwich
11,8,4,14,-4,-50.0,Improved vs both years,56.43,-10,-71.42857142857143,2026-09-24,Grixdale Farms
12,260,166,302,-94,-36.15384615384615,Improved vs both years,38.82,-136,-45.033112582781456,2026-09-24,Grixdale Farms
02,114,72,85,-42,-36.8421052631579,Improved vs both years,30.38,-13,-15.294117647058824,2026-09-18,Happy Homes
08,0,0,1,0,,Improved vs recent baseline,30.0,-1,-100.0,2026-09-26,Harmony Village
02,251,173,179,-78,-31.07569721115538,Improved vs both years,22.76,-6,-3.35195530726257,2026-09-26,Harmony Village
12,230,187,225,-43,-18.695652173913043,Improved vs both years,18.15,-38,-16.88888888888889,2026-09-26,Harmony Village
09,1,0,0,-1,-100.0,Improved vs recent baseline,70.0,0,,2026-09-25,Hawthorne Park
11,118,159,175,41,34.74576271186441,Improved vs recent baseline,-21.58,-16,-9.142857142857142,2026-09-25,Hawthorne Park
10,25,27,27,2,8.0,Worse vs recent baseline,-5.6,0,0.0,2026-09-11,Historic Atkinson
09,1,0,0,-1,-100.0,Improved vs recent baseline,70.0,0,,2026-09-23,Holcomb Community
00,0,0,1,0,,Improved vs recent baseline,30.0,-1,-100.0,2026-09-23,Holcomb Community
03,0,0,1,0,,Improved vs recent baseline,30.0,-1,-100.0,2026-09-23,Holcomb Community
06,0,0,1,0,,Improved vs recent baseline,30.0,-1,-100.0,2026-09-23,Holcomb Community
08,594,619,618,25,4.2087542087542085,Worse vs recent baseline,-2.99,1,0.16181229773462782,2026-09-23,Holcomb Community
04,96,95,85,-1,-1.0416666666666667,Improved vs recent baseline,-2.8,10,11.764705882352942,2026-09-21,Hubbard Farms
03,16,15,8,-1,-6.25,Improved vs recent baseline,-21.88,7,87.5,2026-09-22,Hubbard Richard
04,18,23,21,5,27.77777777777778,Worse vs recent baseline,-22.3,2,9.523809523809524,2026-09-22,Hubbard Richard
04,1,0,0,-1,-100.0,Improved vs recent baseline,70.0,0,,2026-09-24,Hubbell-Lyndon
02,423,393,451,-30,-7.092198581560283,Improved vs both years,8.82,-58,-12.86031042128603,2026-09-24,Hubbell-Lyndon
08,0,5,0,5,,Worse vs recent baseline,-0.0,5,,2026-09-24,Hubbell-Lyndon
00,0,1,0,1,,Worse vs recent baseline,-0.0,1,,2026-09-24,Hubbell-Lyndon
12,1,0,1,-1,-100.0,Improved vs both years,100.0,-1,-100.0,2026-09-23,Hubbell-Puritan
08,0,0,4,0,,Improved vs recent baseline,30.0,-4,-100.0,2026-09-23,Hubbell-Puritan
02,234,256,255,22,9.401709401709402,Worse vs recent baseline,-6.7,1,0.39215686274509803,2026-09-23,Hubbell-Puritan
07,49,38,68,-11,-22.448979591836736,Improved vs both years,28.95,-30,-44.11764705882353,2026-09-22,Indian Village
05,0,0,1,0,,Improved vs recent baseline,30.0,-1,-100.0,2026-09-25,Islandview
07,423,397,471,-26,-6.1465721040189125,Improved vs both years,9.02,-74,-15.711252653927813,2026-09-25,Islandview
09,0,1,0,1,,Worse vs recent baseline,-0.0,1,,2026-09-25,Islandview
10,133,152,114,19,14.285714285714286,Worse vs recent baseline,-20.0,38,33.333333333333336,2026-09-26,Jamison
09,0,0,1,0,,Improved vs recent baseline,30.0,-1,-100.0,2026-09-23,Jefferson Chalmers
05,403,389,427,-14,-3.4739454094292803,Improved vs both years,5.1,-38,-8.899297423887587,2026-09-23,Jefferson Chalmers
03,129,107,117,-22,-17.05426356589147,Improved vs both years,14.5,-10,-8.547008547008547,2026-09-22,Jeffries
07,16,17,18,1,6.25,Improved vs recent baseline,-2.71,-1,-5.555555555555555,2026-08-24,Joseph Berry Sub
00,0,0,1,0,,Improved vs recent baseline,30.0,-1,-100.0,2026-09-26,Joy Community
08,0,1,0,1,,Worse vs recent baseline,-0.0,1,,2026-09-26,Joy Community
02,0,5,3,5,,Worse vs recent baseline,-20.0,2,66.66666666666667,2026-09-26,Joy Community
06,530,650,518,120,22.641509433962263,Worse vs recent baseline,-23.49,132,25.482625482625483,2026-09-26,Joy Community
02,116,100,133,-16,-13.793103448275861,Improved vs both years,17.1,-33,-24.81203007518797,2026-09-22,Joy-Schaefer
11,250,290,304,40,16.0,Improved vs recent baseline,-9.82,-14,-4.605263157894737,2026-09-23,Krainz Woods
11,0,0,1,0,,Improved vs recent baseline,30.0,-1,-100.0,2026-09-25,LaSalle College Park
09,233,203,239,-30,-12.875536480686696,Improved vs both years,13.53,-36,-15.06276150627615,2026-09-25,LaSalle College Park
03,3,2,0,-1,-33.333333333333336,Improved vs recent baseline,23.33,2,,2026-09-24,LaSalle Gardens
10,102,98,98,-4,-3.9215686274509802,Improved vs recent baseline,2.75,0,0.0,2026-09-24,LaSalle Gardens
10,0,0,1,0,,Improved vs recent baseline,30.0,-1,-100.0,2026-09-25,Lafayette Park
07,330,309,445,-21,-6.363636363636363,Improved vs both years,13.62,-136,-30.56179775280899,2026-09-25,Lafayette Park
03,6,11,11,5,83.33333333333333,Worse vs recent baseline,-58.33,0,0.0,2026-09-25,Lafayette Park
10,0,1,1,1,,Worse vs recent baseline,-0.0,0,0.0,2026-09-24,Littlefield Community
02,149,190,156,41,27.516778523489933,Worse vs recent baseline,-25.8,34,21.794871794871796,2026-09-24,Littlefield Community
09,749,770,805,21,2.803738317757009,Improved vs recent baseline,-0.66,-35,-4.3478260869565215,2026-09-25,Mapleridge
05,48,51,58,3,6.25,Improved vs recent baseline,-0.75,-7,-12.068965517241379,2026-09-13,Marina District
12,218,226,231,8,3.669724770642202,Improved vs recent baseline,-1.92,-5,-2.1645021645021645,2026-09-25,Martin Park
00,0,0,1,0,,Improved vs recent baseline,30.0,-1,-100.0,2026-09-24,McDougall-Hunt
07,240,223,224,-17,-7.083333333333333,Improved vs both years,5.09,-1,-0.44642857142857145,2026-09-24,McDougall-Hunt
12,196,161,183,-35,-17.857142857142858,Improved vs both years,16.11,-22,-12.021857923497267,2026-09-26,McDowell
08,113,118,127,5,4.424778761061947,Improved vs recent baseline,-0.97,-9,-7.086614173228346,2026-09-25,McNichols Evergreen
03,17,51,23,34,200.0,Worse vs recent baseline,-176.52,28,121.73913043478261,2026-09-13,Medbury Park
11,2,0,0,-2,-100.0,Improved vs recent baseline,70.0,0,,2026-09-25,Medical Center
03,391,367,339,-24,-6.138107416879795,Improved vs recent baseline,1.82,28,8.259587020648967,2026-09-25,Medical Center
08,8,15,10,7,87.5,Worse vs recent baseline,-76.25,5,50.0,2026-07-25,Melvern Hill
04,48,85,45,37,77.08333333333333,Worse vs recent baseline,-80.62,40,88.88888888888889,2026-09-25,Mexicantown
04,55,51,68,-4,-7.2727272727272725,Improved vs both years,12.59,-17,-25.0,2026-09-18,Michigan-Martin
12,0,0,1,0,,Improved vs recent baseline,30.0,-1,-100.0,2026-09-26,Midtown
03,1433,1404,1416,-29,-2.0237264480111654,Improved vs both years,1.67,-12,-0.847457627118644,2026-09-26,Midtown
00,0,1,1,1,,Worse vs recent baseline,-0.0,0,0.0,2026-09-26,Midwest
02,319,354,355,35,10.9717868338558,Improved vs recent baseline,-7.6,-1,-0.28169014084507044,2026-09-26,Midwest
10,437,510,421,73,16.704805491990847,Worse vs recent baseline,-18.04,89,21.140142517814727,2026-09-26,Midwest
03,55,74,43,19,34.54545454545455,Worse vs recent baseline,-45.81,31,72.09302325581395,2026-09-26,Midwest
04,2,4,7,2,100.0,Improved vs recent baseline,-57.14,-3,-42.857142857142854,2026-09-26,Midwest
08,141,123,145,-18,-12.76595744680851,Improved vs both years,13.49,-22,-15.172413793103448,2026-09-25,Miller Grove
07,31,18,41,-13,-41.935483870967744,Improved vs both years,46.18,-23,-56.09756097560975,2026-09-23,Milwaukee Junction
03,77,93,82,16,20.77922077922078,Worse vs recent baseline,-18.57,11,13.414634146341463,2026-09-23,Milwaukee Junction
08,62,63,68,1,1.6129032258064515,Improved vs recent baseline,1.08,-5,-7.352941176470588,2026-09-21,Minock Park
09,285,269,285,-16,-5.614035087719298,Improved vs both years,5.61,-16,-5.614035087719298,2026-09-25,Mohican Regent
09,3,0,3,-3,-100.0,Improved vs both years,100.0,-3,-100.0,2026-09-25,Morningside
05,936,792,921,-144,-15.384615384615385,Improved vs both years,14.97,-129,-14.006514657980455,2026-09-25,Morningside
09,722,562,641,-160,-22.1606648199446,Improved vs both years,19.21,-79,-12.324492979719189,2026-09-26,Moross-Morang
00,2,3,6,1,50.0,Improved vs recent baseline,-20.0,-3,-50.0,2026-09-26,Moross-Morang
05,2,3,2,1,50.0,Worse vs recent baseline,-50.0,1,50.0,2026-09-26,Moross-Morang
09,166,145,154,-21,-12.650602409638553,Improved vs both years,10.61,-9,-5.8441558441558445,2026-09-22,Mount Olivet
11,121,127,119,6,4.958677685950414,Worse vs recent baseline,-5.49,8,6.722689075630252,2026-09-22,Mount Olivet
10,16,12,23,-4,-25.0,Improved vs both years,31.85,-11,-47.82608695652174,2026-09-26,NW Goldberg
02,0,1,0,1,,Worse vs recent baseline,-0.0,1,,2026-09-26,NW Goldberg
03,187,183,168,-4,-2.1390374331550803,Improved vs recent baseline,-1.18,15,8.928571428571429,2026-09-26,NW Goldberg
10,529,540,449,11,2.0793950850661624,Worse vs recent baseline,-7.54,91,20.267260579064587,2026-09-25,Nardin Park
03,183,179,185,-4,-2.185792349726776,Improved vs both years,2.5,-6,-3.2432432432432434,2026-09-22,New Center
10,0,1,0,1,,Worse vs recent baseline,-0.0,1,,2026-09-24,New Center Commons
03,255,266,219,11,4.313725490196078,Worse vs recent baseline,-9.46,47,21.461187214611872,2026-09-24,New Center Commons
12,33,32,52,-1,-3.0303030303030303,Improved vs both years,13.66,-20,-38.46153846153846,2026-09-24,Nolan
11,758,723,761,-35,-4.617414248021108,Improved vs both years,4.73,-38,-4.993429697766097,2026-09-24,Nolan
HP,1,0,0,-1,-100.0,Improved vs recent baseline,70.0,0,,2026-09-19,North Campau
11,99,96,108,-3,-3.0303030303030303,Improved vs both years,5.45,-12,-11.11111111111111,2026-09-19,North Campau
05,0,2,0,2,,Worse vs recent baseline,-0.0,2,,2026-09-25,North Corktown
03,131,141,146,10,7.633587786259542,Improved vs recent baseline,-4.32,-5,-3.4246575342465753,2026-09-25,North Corktown
12,0,0,1,0,,Improved vs recent baseline,30.0,-1,-100.0,2026-09-25,North End
07,0,2,0,2,,Worse vs recent baseline,-0.0,2,,2026-09-25,North End
03,342,367,377,25,7.309941520467836,Improved vs recent baseline,-4.32,-10,-2.6525198938992043,2026-09-25,North End
06,1,0,0,-1,-100.0,Improved vs recent baseline,70.0,0,,2026-09-23,North Rosedale Park
08,219,174,247,-45,-20.54794520547945,Improved vs both years,23.25,-73,-29.554655870445345,2026-09-23,North Rosedale Park
09,1,0,0,-1,-100.0,Improved vs recent baseline,70.0,0,,2026-09-23,Northeast Central District
11,174,216,225,42,24.137931034482758,Improved vs recent baseline,-15.7,-9,-4.0,2026-09-23,Northeast Central District
10,0,0,3,0,,Improved vs recent baseline,30.0,-3,-100.0,2026-09-24,Northwest Community
02,147,139,157,-8,-5.442176870748299,Improved vs both years,7.25,-18,-11.464968152866241,2026-09-24,Northwest Community
11,392,422,432,30,7.653061224489796,Improved vs recent baseline,-4.66,-10,-2.314814814814815,2026-09-25,Nortown
09,4,5,4,1,25.0,Worse vs recent baseline,-25.0,1,25.0,2026-09-25,Nortown
08,448,362,441,-86,-19.196428571428573,Improved vs both years,18.81,-79,-17.913832199546484,2026-09-25,O'Hair Park
12,0,0,1,0,,Improved vs recent baseline,30.0,-1,-100.0,2026-09-26,Oak Grove District 1
08,164,168,143,4,2.4390243902439024,Worse vs recent baseline,-6.95,25,17.482517482517483,2026-09-26,Oak Grove District 1
12,94,130,121,36,38.297872340425535,Worse vs recent baseline,-29.04,9,7.43801652892562,2026-09-14,Oak Grove District 2
03,1,0,3,-1,-100.0,Improved vs both years,100.0,-3,-100.0,2026-09-25,Oakman Blvd Community
10,1079,951,928,-128,-11.862835959221501,Improved vs recent baseline,7.56,23,2.478448275862069,2026-09-25,Oakman Blvd Community
02,21,20,21,-1,-4.761904761904762,Improved vs both years,4.76,-1,-4.761904761904762,2026-09-25,Oakman Blvd Community
04,17,15,37,-2,-11.764705882352942,Improved vs both years,26.07,-22,-59.45945945945946,2026-09-02,Oakwood Heights
08,39,47,50,8,20.512820512820515,Improved vs recent baseline,-12.56,-3,-6.0,2026-09-20,Old Redford
09,1021,974,1096,-47,-4.603330068560235,Improved vs both years,6.56,-122,-11.13138686131387,2026-09-26,Outer Drive-Hayes
12,150,193,210,43,28.666666666666668,Improved vs recent baseline,-17.64,-17,-8.095238095238095,2026-09-22,Palmer Park
12,50,53,41,3,6.0,Worse vs recent baseline,-12.98,12,29.26829268292683,2026-09-17,Palmer Woods
02,73,81,125,8,10.95890410958904,Improved vs recent baseline,2.89,-44,-35.2,2026-09-26,Paveway
12,128,114,125,-14,-10.9375,Improved vs both years,10.3,-11,-8.8,2026-09-17,Pembroke
12,97,81,96,-16,-16.49484536082474,Improved vs both years,16.23,-15,-15.625,2026-09-24,Penrose
11,1,2,3,1,100.0,Improved vs recent baseline,-60.0,-1,-33.333333333333336,2026-09-24,Penrose
11,226,212,230,-14,-6.1946902654867255,Improved vs both years,6.68,-18,-7.826086956521739,2026-09-12,Pershing
12,0,1,0,1,,Worse vs recent baseline,-0.0,1,,2026-09-12,Pershing
00,0,1,0,1,,Worse vs recent baseline,-0.0,1,,2026-09-25,Petoskey-Otsego
10,266,283,259,17,6.390977443609023,Worse vs recent baseline,-7.25,24,9.266409266409266,2026-09-25,Petoskey-Otsego
02,0,1,0,1,,Worse vs recent baseline,-0.0,1,,2026-09-21,Piety Hill
10,23,28,37,5,21.73913043478261,Improved vs recent baseline,-7.92,-9,-24.324324324324323,2026-09-21,Piety Hill
03,102,160,99,58,56.86274509803921,Worse vs recent baseline,-58.29,61,61.61616161616162,2026-09-21,Piety Hill
12,228,227,208,-1,-0.43859649122807015,Improved vs recent baseline,-2.43,19,9.134615384615385,2026-09-25,Pilgrim Village
10,79,86,95,7,8.860759493670885,Improved vs recent baseline,-3.36,-9,-9.473684210526315,2026-09-25,Pilgrim Village
07,81,88,110,7,8.641975308641975,Improved vs recent baseline,-0.05,-22,-20.0,2026-09-23,Pingree Park
10,1,0,0,-1,-100.0,Improved vs recent baseline,70.0,0,,2026-09-25,Plymouth-Hubbell
02,486,440,502,-46,-9.465020576131687,Improved vs both years,10.33,-62,-12.350597609561753,2026-09-25,Plymouth-Hubbell
06,5,9,7,4,80.0,Worse vs recent baseline,-64.57,2,28.571428571428573,2026-09-25,Plymouth-Hubbell
02,2,1,1,-1,-50.0,Improved vs recent baseline,35.0,0,0.0,2026-09-21,Plymouth-I96
06,196,155,211,-41,-20.918367346938776,Improved vs both years,22.6,-56,-26.540284360189574,2026-09-21,Plymouth-I96
08,0,1,0,1,,Worse vs recent baseline,-0.0,1,,2026-09-21,Plymouth-I96
0W,0,0,1,0,,Improved vs recent baseline,30.0,-1,-100.0,2026-09-25,Poletown East
07,105,105,132,0,0.0,Improved vs recent baseline,6.14,-27,-20.454545454545453,2026-09-25,Poletown East
02,228,202,224,-26,-11.403508771929825,Improved vs both years,10.93,-22,-9.821428571428571,2026-09-25,Pride Area Community
11,0,0,3,0,,Improved vs recent baseline,30.0,-3,-100.0,2026-09-25,Pulaski
09,534,470,542,-64,-11.985018726591761,Improved vs both years,12.37,-72,-13.284132841328413,2026-09-25,Pulaski
05,0,2,0,2,,Worse vs recent baseline,-0.0,2,,2026-09-25,Ravendale
09,67,89,95,22,32.83582089552239,Improved vs recent baseline,-21.09,-6,-6.315789473684211,2026-09-25,Ravendale
05,0,0,1,0,,Improved vs recent baseline,30.0,-1,-100.0,2026-09-25,Regent Park
09,998,894,905,-104,-10.420841683366733,Improved vs both years,7.66,-11,-1.2154696132596685,2026-09-25,Regent Park
05,388,364,476,-24,-6.185567010309279,Improved vs both years,11.39,-112,-23.529411764705884,2026-09-22,Riverbend
08,148,173,187,25,16.89189189189189,Improved vs recent baseline,-9.58,-14,-7.4866310160427805,2026-09-23,Riverdale
03,1,0,1,-1,-100.0,Improved vs both years,100.0,-1,-100.0,2026-09-25,Rivertown
09,0,0,1,0,,Improved vs recent baseline,30.0,-1,-100.0,2026-09-25,Rivertown
07,306,355,364,49,16.013071895424837,Improved vs recent baseline,-10.47,-9,-2.4725274725274726,2026-09-25,Rivertown
08,220,224,237,4,1.8181818181818181,Improved vs recent baseline,0.37,-13,-5.485232067510548,2026-09-23,Rosedale Park
06,0,1,0,1,,Worse vs recent baseline,-0.0,1,,2026-09-23,Rosedale Park
00,1,0,0,-1,-100.0,Improved vs recent baseline,70.0,0,,2026-09-23,Rouge Park
06,75,48,60,-27,-36.0,Improved vs both years,31.2,-12,-20.0,2026-09-23,Rouge Park
00,1,0,0,-1,-100.0,Improved vs recent baseline,70.0,0,,2026-09-12,Russell Industrial
07,0,1,2,1,,Improved vs recent baseline,15.0,-1,-50.0,2026-09-12,Russell Industrial
03,24,41,20,17,70.83333333333333,Worse vs recent baseline,-81.08,21,105.0,2026-09-12,Russell Industrial
10,258,250,276,-8,-3.10077519379845,Improved vs both years,5.0,-26,-9.420289855072463,2026-09-24,Russell Woods
12,119,98,165,-21,-17.647058823529413,Improved vs both years,24.53,-67,-40.60606060606061,2026-09-23,San Bernardo
12,336,342,371,6,1.7857142857142858,Improved vs recent baseline,1.1,-29,-7.816711590296496,2026-09-25,Schaefer 7/8 Lodge
06,349,290,300,-59,-16.9054441260745,Improved vs both years,12.83,-10,-3.3333333333333335,2026-09-23,Schoolcraft Southfield
02,193,186,164,-7,-3.626943005181347,Improved vs recent baseline,-1.49,22,13.414634146341463,2026-09-23,Schoolcraft Southfield
08,2,16,7,14,700.0,Worse vs recent baseline,-528.57,9,128.57142857142858,2026-09-23,Schoolcraft Southfield
00,1,0,0,-1,-100.0,Improved vs recent baseline,70.0,0,,2026-09-25,Schulze
02,0,0,1,0,,Improved vs recent baseline,30.0,-1,-100.0,2026-09-25,Schulze
12,739,645,738,-94,-12.719891745602165,Improved vs both years,12.68,-93,-12.601626016260163,2026-09-25,Schulze
08,0,0,1,0,,Improved vs recent baseline,30.0,-1,-100.0,2026-09-26,Seven Mile Lodge
12,41,52,43,11,26.829268292682926,Worse vs recent baseline,-25.06,9,20.930232558139537,2026-09-26,Seven Mile Lodge
08,215,183,220,-32,-14.883720930232558,Improved vs both years,15.46,-37,-16.818181818181817,2026-09-22,Seven Mile-Rouge
11,158,121,175,-37,-23.417721518987342,Improved vs both years,25.65,-54,-30.857142857142858,2026-09-23,Sherwood
12,91,74,87,-17,-18.681318681318682,Improved vs both years,17.56,-13,-14.942528735632184,2026-09-20,Sherwood Forest
00,1,1,1,0,0.0,No change,-0.0,0,0.0,2026-09-18,South of Six
08,68,73,80,5,7.352941176470588,Improved vs recent baseline,-2.52,-7,-8.75,2026-09-18,South of Six
06,83,91,67,8,9.63855421686747,Worse vs recent baseline,-17.49,24,35.82089552238806,2026-09-15,Southfield Plymouth
04,684,541,757,-143,-20.906432748538013,Improved vs both years,23.19,-216,-28.533685601056803,2026-09-26,Springwells
12,72,96,114,24,33.333333333333336,Improved vs recent baseline,-18.6,-18,-15.789473684210526,2026-09-19,State Fair
03,41,51,57,10,24.390243902439025,Improved vs recent baseline,-13.92,-6,-10.526315789473685,2026-09-17,Tech Town
00,0,1,0,1,,Worse vs recent baseline,-0.0,1,,2026-09-25,The Eye
08,192,183,162,-9,-4.6875,Improved vs recent baseline,-0.61,21,12.962962962962964,2026-09-25,The Eye
12,44,52,41,8,18.181818181818183,Worse vs recent baseline,-20.78,11,26.829268292682926,2026-09-14,Tri-Point
12,261,252,237,-9,-3.4482758620689653,Improved vs recent baseline,0.52,15,6.329113924050633,2026-09-24,University District
11,0,1,0,1,,Worse vs recent baseline,-0.0,1,,2026-09-24,University District
03,33,33,17,0,0.0,Worse vs recent baseline,-28.24,16,94.11764705882354,2026-09-09,Virginia Park
02,1,0,0,-1,-100.0,Improved vs recent baseline,70.0,0,,2026-09-26,Virginia Park Community
11,1,0,0,-1,-100.0,Improved vs recent baseline,70.0,0,,2026-09-26,Virginia Park Community
03,3,2,0,-1,-33.333333333333336,Improved vs recent baseline,23.33,2,,2026-09-26,Virginia Park Community
10,464,516,512,52,11.206896551724139,Worse vs recent baseline,-8.08,4,0.78125,2026-09-26,Virginia Park Community
11,0,0,1,0,,Improved vs recent baseline,30.0,-1,-100.0,2026-09-24,Von Steuben
09,488,453,458,-35,-7.172131147540983,Improved vs both years,5.35,-5,-1.091703056768559,2026-09-24,Von Steuben
05,0,0,2,0,,Improved vs recent baseline,30.0,-2,-100.0,2026-09-23,Wade
09,303,270,285,-33,-10.891089108910892,Improved vs both years,9.2,-15,-5.2631578947368425,2026-09-23,Wade
08,0,0,2,0,,Improved vs recent baseline,30.0,-2,-100.0,2026-09-24,Warren Ave Community
06,571,602,616,31,5.42907180385289,Improved vs recent baseline,-3.12,-14,-2.272727272727273,2026-09-24,Warren Ave Community
00,2,3,1,1,50.0,Worse vs recent baseline,-95.0,2,200.0,2026-09-24,Warren Ave Community
06,1533,1443,1616,-90,-5.870841487279844,Improved vs both years,7.32,-173,-10.705445544554456,2026-09-25,Warrendale
07,4,0,3,-4,-100.0,Improved vs both years,100.0,-3,-100.0,2026-07-18,Waterworks Park
05,8,5,7,-3,-37.5,Improved vs both years,34.82,-2,-28.571428571428573,2026-07-18,Waterworks Park
00,1,0,0,-1,-100.0,Improved vs recent baseline,70.0,0,,2026-09-25,Wayne State
03,266,271,233,5,1.8796992481203008,Worse vs recent baseline,-6.21,38,16.30901287553648,2026-09-25,Wayne State
06,5,5,4,0,0.0,Worse vs recent baseline,-7.5,1,25.0,2026-09-24,We Care Community
02,298,316,251,18,6.040268456375839,Worse vs recent baseline,-12.0,65,25.89641434262948,2026-09-24,We Care Community
08,0,0,1,0,,Improved vs recent baseline,30.0,-1,-100.0,2026-09-25,Weatherby
06,183,203,198,20,10.92896174863388,Worse vs recent baseline,-8.41,5,2.525252525252525,2026-09-25,Weatherby
00,0,0,1,0,,Improved vs recent baseline,30.0,-1,-100.0,2026-09-25,West End
05,224,218,238,-6,-2.6785714285714284,Improved vs both years,4.4,-20,-8.403361344537815,2026-09-25,West End
07,92,97,118,5,5.434782608695652,Improved vs recent baseline,1.53,-21,-17.796610169491526,2026-09-25,West End
06,78,70,68,-8,-10.256410256410257,Improved vs recent baseline,6.3,2,2.9411764705882355,2026-09-18,West Outer Drive
04,62,67,59,5,8.064516129032258,Worse vs recent baseline,-9.71,8,13.559322033898304,2026-09-19,West Side Industrial
03,48,69,57,21,43.75,Worse vs recent baseline,-36.94,12,21.05263157894737,2026-09-19,West Side Industrial
07,105,89,138,-16,-15.238095238095237,Improved vs both years,21.32,-49,-35.507246376811594,2026-09-25,West Village
08,98,98,76,0,0.0,Worse vs recent baseline,-8.68,22,28.94736842105263,2026-09-23,Westwood Park
06,2,2,1,0,0.0,Worse vs recent baseline,-30.0,1,100.0,2026-09-23,Westwood Park
10,115,98,110,-17,-14.782608695652174,Improved vs both years,13.62,-12,-10.909090909090908,2026-09-23,Wildemere Park
08,9,3,19,-6,-66.66666666666667,Improved vs both years,71.93,-16,-84.21052631578948,2026-09-25,Winship
12,478,515,599,37,7.7405857740585775,Improved vs recent baseline,-1.21,-84,-14.023372287145243,2026-09-25,Winship
02,11,16,19,5,45.45454545454545,Improved vs recent baseline,-27.08,-3,-15.789473684210526,2026-09-25,Winship
03,184,188,181,4,2.1739130434782608,Worse vs recent baseline,-2.68,7,3.867403314917127,2026-09-25,Woodbridge
09,471,426,462,-45,-9.554140127388536,Improved vs both years,9.03,-36,-7.792207792207792,2026-09-25,Yorkshire Woods
05,1,3,6,2,200.0,Improved vs recent baseline,-125.0,-3,-50.0,2026-09-25,Yorkshire Woods
