precinct_norm,incidents_previous,incidents_current,change,pct_change
03,7816,8148,332,4.247697031729785
09,8149,7500,-649,-7.9641673825009205
08,7477,7464,-13,-0.17386652400695465
12,6705,6272,-433,-6.457867263236391
06,6213,6173,-40,-0.6438113632705618
02,6356,6007,-349,-5.490874764002517
10,5827,5932,105,1.801956409816372
11,5006,5020,14,0.2796644027167399
05,4811,4273,-538,-11.18270629806693
07,4286,3944,-342,-7.979468035464302
04,3422,3044,-378,-11.046171829339567
00,9,17,8,88.88888888888889
HP,1,1,0,0.0
