period,precinct_norm,selection_type,selection_name,total_incidents,peak_day,peak_day_count,peak_hour,peak_hour_count,peak_shift,peak_shift_count,peak_time_block,peak_time_block_count,period_start,period_end
YTD,ALL,All,All,84109,Sunday,12394,12,4845,Evening Shift (14:00-21:59),34187,12:00-17:59,25702,2025-01-01,2026-01-01
YTD,ALL,Crime Type,AGGRAVATED ASSAULT,7725,Sunday,1281,0,462,Evening Shift (14:00-21:59),3124,18:00-23:59,2530,2025-01-01,2026-01-01
YTD,ALL,Crime Type,ARSON,483,Monday,75,4,38,Night Shift (22:00-05:59),256,00:00-05:59,215,2025-01-01,2026-01-01
YTD,ALL,Crime Type,ASSAULT,17261,Saturday,2730,16,949,Evening Shift (14:00-21:59),6932,12:00-17:59,5144,2025-01-01,2026-01-01
YTD,ALL,Crime Type,BURGLARY,5220,Monday,813,12,378,Evening Shift (14:00-21:59),2073,12:00-17:59,1832,2025-01-01,2026-01-01
YTD,ALL,Crime Type,DAMAGE TO PROPERTY,10926,Sunday,1710,22,623,Evening Shift (14:00-21:59),4105,18:00-23:59,3314,2025-01-01,2026-01-01
YTD,ALL,Crime Type,DANGEROUS DRUGS,1030,Wednesday,203,16,94,Evening Shift (14:00-21:59),549,12:00-17:59,468,2025-01-01,2026-01-01
YTD,ALL,Crime Type,DISORDERLY CONDUCT,306,Sunday,66,0,34,Night Shift (22:00-05:59),126,00:00-05:59,102,2025-01-01,2026-01-01
YTD,ALL,Crime Type,EXTORTION,105,Wednesday,20,12,10,Evening Shift (14:00-21:59),51,12:00-17:59,37,2025-01-01,2026-01-01
YTD,ALL,Crime Type,FAMILY OFFENSE,917,Monday,152,17,68,Evening Shift (14:00-21:59),427,12:00-17:59,342,2025-01-01,2026-01-01
YTD,ALL,Crime Type,FORGERY,151,Thursday,28,12,19,Evening Shift (14:00-21:59),66,12:00-17:59,69,2025-01-01,2026-01-01
YTD,ALL,Crime Type,FRAUD,7448,Friday,1215,12,940,Day Shift (06:00-13:59),3242,12:00-17:59,3421,2025-01-01,2026-01-01
YTD,ALL,Crime Type,GAMBLING,1,Thursday,1,16,1,Evening Shift (14:00-21:59),1,12:00-17:59,1,2025-01-01,2026-01-01
YTD,ALL,Crime Type,HEALTH AND SAFETY,94,Wednesday,22,15,13,Evening Shift (14:00-21:59),51,12:00-17:59,44,2025-01-01,2026-01-01
YTD,ALL,Crime Type,HOMICIDE,196,Monday,35,23,14,Evening Shift (14:00-21:59),82,18:00-23:59,68,2025-01-01,2026-01-01
YTD,ALL,Crime Type,INVASION OF PRIVACY -OTHER,215,Tuesday,34,17,20,Evening Shift (14:00-21:59),91,12:00-17:59,65,2025-01-01,2026-01-01
YTD,ALL,Crime Type,JUSTIFIABLE HOMICIDE,18,Monday,5,22,4,Night Shift (22:00-05:59),12,18:00-23:59,9,2025-01-01,2026-01-01
YTD,ALL,Crime Type,KIDNAPPING,185,Friday,32,12,16,Evening Shift (14:00-21:59),71,18:00-23:59,60,2025-01-01,2026-01-01
YTD,ALL,Crime Type,LARCENY,12379,Sunday,1933,12,922,Evening Shift (14:00-21:59),5114,12:00-17:59,4221,2025-01-01,2026-01-01
YTD,ALL,Crime Type,LIQUOR,39,Saturday,17,21,9,Night Shift (22:00-05:59),23,18:00-23:59,20,2025-01-01,2026-01-01
YTD,ALL,Crime Type,MISCELLANEOUS,93,Thursday,20,12,14,Day Shift (06:00-13:59),38,12:00-17:59,44,2025-01-01,2026-01-01
YTD,ALL,Crime Type,OBSTRUCTING JUDICIARY,970,Friday,169,16,76,Evening Shift (14:00-21:59),458,12:00-17:59,340,2025-01-01,2026-01-01
YTD,ALL,Crime Type,OBSTRUCTING THE POLICE,1809,Saturday,297,0,163,Evening Shift (14:00-21:59),773,18:00-23:59,721,2025-01-01,2026-01-01
YTD,ALL,Crime Type,OTHER,353,Saturday,60,16,33,Evening Shift (14:00-21:59),163,12:00-17:59,129,2025-01-01,2026-01-01
YTD,ALL,Crime Type,OUIL,660,Saturday,120,21,64,Evening Shift (14:00-21:59),312,18:00-23:59,270,2025-01-01,2026-01-01
YTD,ALL,Crime Type,ROBBERY,1127,Sunday,211,0,72,Evening Shift (14:00-21:59),459,18:00-23:59,378,2025-01-01,2026-01-01
YTD,ALL,Crime Type,RUNAWAY,1056,Monday,162,17,81,Evening Shift (14:00-21:59),545,18:00-23:59,375,2025-01-01,2026-01-01
YTD,ALL,Crime Type,SEX OFFENSES,822,Friday,253,21,79,Evening Shift (14:00-21:59),410,18:00-23:59,356,2025-01-01,2026-01-01
YTD,ALL,Crime Type,SEXUAL ASSAULT,568,Thursday,90,0,54,Night Shift (22:00-05:59),238,00:00-05:59,189,2025-01-01,2026-01-01
YTD,ALL,Crime Type,SOLICITATION,26,Friday,14,21,4,Evening Shift (14:00-21:59),16,18:00-23:59,13,2025-01-01,2026-01-01
YTD,ALL,Crime Type,STOLEN PROPERTY,2187,Wednesday,354,12,159,Day Shift (06:00-13:59),859,12:00-17:59,785,2025-01-01,2026-01-01
YTD,ALL,Crime Type,STOLEN VEHICLE,6776,Friday,1052,22,651,Night Shift (22:00-05:59),2924,18:00-23:59,2922,2025-01-01,2026-01-01
YTD,ALL,Crime Type,WEAPONS OFFENSES,2963,Wednesday,464,21,310,Evening Shift (14:00-21:59),1318,18:00-23:59,1402,2025-01-01,2026-01-01
YTD,ALL,Category Focus,Gun-Related,2521,Wednesday,403,21,269,Evening Shift (14:00-21:59),1122,18:00-23:59,1210,2025-01-01,2026-01-01
YTD,ALL,Category Focus,Property Crime,37488,Sunday,5546,12,2180,Evening Shift (14:00-21:59),14745,18:00-23:59,11556,2025-01-01,2026-01-01
YTD,ALL,Category Focus,Larceny,12379,Sunday,1933,12,922,Evening Shift (14:00-21:59),5114,12:00-17:59,4221,2025-01-01,2026-01-01
YTD,00,All,All,9,Monday,3,16,4,Evening Shift (14:00-21:59),6,12:00-17:59,7,2025-01-01,2026-01-01
YTD,00,Crime Type,ASSAULT,1,Saturday,1,11,1,Day Shift (06:00-13:59),1,06:00-11:59,1,2025-01-01,2026-01-01
YTD,00,Crime Type,DAMAGE TO PROPERTY,1,Saturday,1,16,1,Evening Shift (14:00-21:59),1,12:00-17:59,1,2025-01-01,2026-01-01
YTD,00,Crime Type,FRAUD,2,Tuesday,1,16,2,Evening Shift (14:00-21:59),2,12:00-17:59,2,2025-01-01,2026-01-01
YTD,00,Crime Type,LARCENY,1,Monday,1,15,1,Evening Shift (14:00-21:59),1,12:00-17:59,1,2025-01-01,2026-01-01
YTD,00,Crime Type,OBSTRUCTING JUDICIARY,1,Friday,1,12,1,Day Shift (06:00-13:59),1,12:00-17:59,1,2025-01-01,2026-01-01
YTD,00,Crime Type,OBSTRUCTING THE POLICE,1,Monday,1,16,1,Evening Shift (14:00-21:59),1,12:00-17:59,1,2025-01-01,2026-01-01
YTD,00,Crime Type,STOLEN VEHICLE,2,Wednesday,1,2,1,Night Shift (22:00-05:59),1,00:00-05:59,1,2025-01-01,2026-01-01
YTD,00,Category Focus,Property Crime,4,Monday,2,15,1,Evening Shift (14:00-21:59),3,12:00-17:59,3,2025-01-01,2026-01-01
YTD,00,Category Focus,Larceny,1,Monday,1,15,1,Evening Shift (14:00-21:59),1,12:00-17:59,1,2025-01-01,2026-01-01
YTD,02,All,All,7961,Saturday,1207,0,485,Evening Shift (14:00-21:59),3112,12:00-17:59,2369,2025-01-01,2026-01-01
YTD,02,Crime Type,AGGRAVATED ASSAULT,805,Saturday,137,16,57,Evening Shift (14:00-21:59),331,12:00-17:59,247,2025-01-01,2026-01-01
YTD,02,Crime Type,ARSON,46,Monday,8,2,6,Night Shift (22:00-05:59),21,00:00-05:59,20,2025-01-01,2026-01-01
YTD,02,Crime Type,ASSAULT,1738,Saturday,290,0,117,Evening Shift (14:00-21:59),668,12:00-17:59,504,2025-01-01,2026-01-01
YTD,02,Crime Type,BURGLARY,538,Tuesday,91,10,35,Day Shift (06:00-13:59),206,12:00-17:59,168,2025-01-01,2026-01-01
YTD,02,Crime Type,DAMAGE TO PROPERTY,968,Monday,173,2,56,Night Shift (22:00-05:59),343,12:00-17:59,259,2025-01-01,2026-01-01
YTD,02,Crime Type,DANGEROUS DRUGS,106,Tuesday,21,16,13,Evening Shift (14:00-21:59),72,12:00-17:59,47,2025-01-01,2026-01-01
YTD,02,Crime Type,DISORDERLY CONDUCT,42,Friday,10,21,6,Evening Shift (14:00-21:59),21,18:00-23:59,17,2025-01-01,2026-01-01
YTD,02,Crime Type,EXTORTION,8,Sunday,3,11,1,Day Shift (06:00-13:59),4,12:00-17:59,3,2025-01-01,2026-01-01
YTD,02,Crime Type,FAMILY OFFENSE,104,Monday,24,0,11,Evening Shift (14:00-21:59),49,12:00-17:59,40,2025-01-01,2026-01-01
YTD,02,Crime Type,FORGERY,20,Wednesday,4,10,3,Evening Shift (14:00-21:59),9,18:00-23:59,8,2025-01-01,2026-01-01
YTD,02,Crime Type,FRAUD,759,Thursday,122,12,88,Day Shift (06:00-13:59),341,12:00-17:59,305,2025-01-01,2026-01-01
YTD,02,Crime Type,HEALTH AND SAFETY,7,Wednesday,3,13,2,Day Shift (06:00-13:59),3,12:00-17:59,4,2025-01-01,2026-01-01
YTD,02,Crime Type,HOMICIDE,15,Monday,6,17,3,Night Shift (22:00-05:59),8,00:00-05:59,5,2025-01-01,2026-01-01
YTD,02,Crime Type,INVASION OF PRIVACY -OTHER,16,Friday,5,3,2,Evening Shift (14:00-21:59),7,12:00-17:59,5,2025-01-01,2026-01-01
YTD,02,Crime Type,JUSTIFIABLE HOMICIDE,1,Thursday,1,22,1,Night Shift (22:00-05:59),1,18:00-23:59,1,2025-01-01,2026-01-01
YTD,02,Crime Type,KIDNAPPING,13,Monday,5,19,2,Evening Shift (14:00-21:59),6,18:00-23:59,6,2025-01-01,2026-01-01
YTD,02,Crime Type,LARCENY,936,Sunday,143,15,69,Evening Shift (14:00-21:59),371,12:00-17:59,311,2025-01-01,2026-01-01
YTD,02,Crime Type,LIQUOR,2,Saturday,2,23,1,Night Shift (22:00-05:59),2,18:00-23:59,1,2025-01-01,2026-01-01
YTD,02,Crime Type,MISCELLANEOUS,7,Monday,3,15,2,Day Shift (06:00-13:59),5,12:00-17:59,6,2025-01-01,2026-01-01
YTD,02,Crime Type,OBSTRUCTING JUDICIARY,71,Saturday,16,19,8,Evening Shift (14:00-21:59),35,18:00-23:59,23,2025-01-01,2026-01-01
YTD,02,Crime Type,OBSTRUCTING THE POLICE,193,Thursday,34,21,25,Evening Shift (14:00-21:59),88,18:00-23:59,82,2025-01-01,2026-01-01
YTD,02,Crime Type,OTHER,39,Saturday,12,19,5,Evening Shift (14:00-21:59),16,18:00-23:59,14,2025-01-01,2026-01-01
YTD,02,Crime Type,OUIL,26,Tuesday,6,21,4,Night Shift (22:00-05:59),12,18:00-23:59,16,2025-01-01,2026-01-01
YTD,02,Crime Type,ROBBERY,102,Wednesday,17,17,10,Evening Shift (14:00-21:59),47,12:00-17:59,36,2025-01-01,2026-01-01
YTD,02,Crime Type,RUNAWAY,81,Tuesday,14,15,9,Evening Shift (14:00-21:59),48,12:00-17:59,34,2025-01-01,2026-01-01
YTD,02,Crime Type,SEX OFFENSES,91,Friday,42,17,8,Evening Shift (14:00-21:59),39,18:00-23:59,33,2025-01-01,2026-01-01
YTD,02,Crime Type,SEXUAL ASSAULT,58,Friday,11,0,9,Night Shift (22:00-05:59),30,00:00-05:59,27,2025-01-01,2026-01-01
YTD,02,Crime Type,SOLICITATION,4,Tuesday,4,17,3,Evening Shift (14:00-21:59),4,12:00-17:59,4,2025-01-01,2026-01-01
YTD,02,Crime Type,STOLEN PROPERTY,254,Monday,45,18,19,Evening Shift (14:00-21:59),100,12:00-17:59,80,2025-01-01,2026-01-01
YTD,02,Crime Type,STOLEN VEHICLE,553,Friday,91,23,52,Night Shift (22:00-05:59),233,18:00-23:59,222,2025-01-01,2026-01-01
YTD,02,Crime Type,WEAPONS OFFENSES,358,Saturday,65,21,51,Night Shift (22:00-05:59),171,18:00-23:59,185,2025-01-01,2026-01-01
YTD,02,Category Focus,Gun-Related,308,Wednesday,58,21,43,Night Shift (22:00-05:59),149,18:00-23:59,161,2025-01-01,2026-01-01
YTD,02,Category Focus,Property Crime,3249,Monday,522,12,184,Evening Shift (14:00-21:59),1200,12:00-17:59,938,2025-01-01,2026-01-01
YTD,02,Category Focus,Larceny,936,Sunday,143,15,69,Evening Shift (14:00-21:59),371,12:00-17:59,311,2025-01-01,2026-01-01
YTD,03,All,All,10038,Saturday,1653,0,631,Evening Shift (14:00-21:59),4082,18:00-23:59,3163,2025-01-01,2026-01-01
YTD,03,Crime Type,AGGRAVATED ASSAULT,535,Saturday,95,23,40,Night Shift (22:00-05:59),208,18:00-23:59,189,2025-01-01,2026-01-01
YTD,03,Crime Type,ARSON,18,Friday,4,1,3,Night Shift (22:00-05:59),11,00:00-05:59,10,2025-01-01,2026-01-01
YTD,03,Crime Type,ASSAULT,1885,Sunday,341,21,110,Evening Shift (14:00-21:59),710,18:00-23:59,583,2025-01-01,2026-01-01
YTD,03,Crime Type,BURGLARY,355,Friday,63,17,26,Evening Shift (14:00-21:59),132,12:00-17:59,120,2025-01-01,2026-01-01
YTD,03,Crime Type,DAMAGE TO PROPERTY,1448,Saturday,257,22,99,Evening Shift (14:00-21:59),565,18:00-23:59,474,2025-01-01,2026-01-01
YTD,03,Crime Type,DANGEROUS DRUGS,77,Thursday,17,0,10,Evening Shift (14:00-21:59),29,18:00-23:59,22,2025-01-01,2026-01-01
YTD,03,Crime Type,DISORDERLY CONDUCT,106,Sunday,29,1,10,Evening Shift (14:00-21:59),49,18:00-23:59,40,2025-01-01,2026-01-01
YTD,03,Crime Type,EXTORTION,8,Wednesday,2,19,2,Evening Shift (14:00-21:59),4,12:00-17:59,4,2025-01-01,2026-01-01
YTD,03,Crime Type,FAMILY OFFENSE,53,Friday,12,18,6,Evening Shift (14:00-21:59),32,12:00-17:59,19,2025-01-01,2026-01-01
YTD,03,Crime Type,FORGERY,18,Thursday,4,14,4,Evening Shift (14:00-21:59),12,12:00-17:59,10,2025-01-01,2026-01-01
YTD,03,Crime Type,FRAUD,1017,Friday,173,12,119,Evening Shift (14:00-21:59),433,12:00-17:59,492,2025-01-01,2026-01-01
YTD,03,Crime Type,HEALTH AND SAFETY,10,Tuesday,3,0,3,Night Shift (22:00-05:59),4,00:00-05:59,4,2025-01-01,2026-01-01
YTD,03,Crime Type,HOMICIDE,11,Sunday,2,0,3,Night Shift (22:00-05:59),5,00:00-05:59,4,2025-01-01,2026-01-01
YTD,03,Crime Type,INVASION OF PRIVACY -OTHER,80,Tuesday,15,17,7,Evening Shift (14:00-21:59),28,18:00-23:59,23,2025-01-01,2026-01-01
YTD,03,Crime Type,JUSTIFIABLE HOMICIDE,1,Wednesday,1,0,1,Night Shift (22:00-05:59),1,00:00-05:59,1,2025-01-01,2026-01-01
YTD,03,Crime Type,KIDNAPPING,11,Saturday,3,11,2,Day Shift (06:00-13:59),5,12:00-17:59,4,2025-01-01,2026-01-01
YTD,03,Crime Type,LARCENY,2458,Sunday,411,0,153,Evening Shift (14:00-21:59),1074,18:00-23:59,811,2025-01-01,2026-01-01
YTD,03,Crime Type,LIQUOR,10,Saturday,6,22,2,Night Shift (22:00-05:59),7,00:00-05:59,5,2025-01-01,2026-01-01
YTD,03,Crime Type,MISCELLANEOUS,18,Wednesday,6,13,2,Day Shift (06:00-13:59),10,12:00-17:59,6,2025-01-01,2026-01-01
YTD,03,Crime Type,OBSTRUCTING JUDICIARY,72,Sunday,16,18,7,Evening Shift (14:00-21:59),36,12:00-17:59,27,2025-01-01,2026-01-01
YTD,03,Crime Type,OBSTRUCTING THE POLICE,220,Saturday,40,23,22,Night Shift (22:00-05:59),99,18:00-23:59,81,2025-01-01,2026-01-01
YTD,03,Crime Type,OTHER,111,Tuesday,20,0,18,Night Shift (22:00-05:59),45,00:00-05:59,35,2025-01-01,2026-01-01
YTD,03,Crime Type,OUIL,150,Saturday,32,19,14,Evening Shift (14:00-21:59),66,18:00-23:59,58,2025-01-01,2026-01-01
YTD,03,Crime Type,ROBBERY,166,Saturday,37,23,18,Night Shift (22:00-05:59),82,18:00-23:59,58,2025-01-01,2026-01-01
YTD,03,Crime Type,RUNAWAY,28,Thursday,9,19,4,Evening Shift (14:00-21:59),14,18:00-23:59,12,2025-01-01,2026-01-01
YTD,03,Crime Type,SEX OFFENSES,97,Friday,17,12,9,Evening Shift (14:00-21:59),46,18:00-23:59,32,2025-01-01,2026-01-01
YTD,03,Crime Type,SEXUAL ASSAULT,51,Friday,12,0,9,Night Shift (22:00-05:59),25,00:00-05:59,18,2025-01-01,2026-01-01
YTD,03,Crime Type,SOLICITATION,1,Thursday,1,15,1,Evening Shift (14:00-21:59),1,12:00-17:59,1,2025-01-01,2026-01-01
YTD,03,Crime Type,STOLEN PROPERTY,100,Sunday,20,12,10,Day Shift (06:00-13:59),37,12:00-17:59,36,2025-01-01,2026-01-01
YTD,03,Crime Type,STOLEN VEHICLE,735,Saturday,138,22,68,Evening Shift (14:00-21:59),336,18:00-23:59,335,2025-01-01,2026-01-01
YTD,03,Crime Type,WEAPONS OFFENSES,188,Sunday,36,0,17,Night Shift (22:00-05:59),88,18:00-23:59,67,2025-01-01,2026-01-01
YTD,03,Category Focus,Gun-Related,169,Sunday,33,20,17,Night Shift (22:00-05:59),80,18:00-23:59,60,2025-01-01,2026-01-01
YTD,03,Category Focus,Property Crime,5096,Saturday,861,22,310,Evening Shift (14:00-21:59),2142,18:00-23:59,1717,2025-01-01,2026-01-01
YTD,03,Category Focus,Larceny,2458,Sunday,411,0,153,Evening Shift (14:00-21:59),1074,18:00-23:59,811,2025-01-01,2026-01-01
YTD,04,All,All,4313,Monday,660,12,264,Evening Shift (14:00-21:59),1812,12:00-17:59,1363,2025-01-01,2026-01-01
YTD,04,Crime Type,AGGRAVATED ASSAULT,355,Sunday,62,0,33,Evening Shift (14:00-21:59),143,18:00-23:59,117,2025-01-01,2026-01-01
YTD,04,Crime Type,ARSON,24,Sunday,5,18,3,Night Shift (22:00-05:59),13,00:00-05:59,11,2025-01-01,2026-01-01
YTD,04,Crime Type,ASSAULT,928,Sunday,167,17,57,Evening Shift (14:00-21:59),385,18:00-23:59,279,2025-01-01,2026-01-01
YTD,04,Crime Type,BURGLARY,204,Monday,34,14,14,Evening Shift (14:00-21:59),74,12:00-17:59,66,2025-01-01,2026-01-01
YTD,04,Crime Type,DAMAGE TO PROPERTY,454,Monday,77,18,27,Evening Shift (14:00-21:59),176,18:00-23:59,132,2025-01-01,2026-01-01
YTD,04,Crime Type,DANGEROUS DRUGS,131,Tuesday,25,16,16,Evening Shift (14:00-21:59),64,12:00-17:59,58,2025-01-01,2026-01-01
YTD,04,Crime Type,DISORDERLY CONDUCT,16,Sunday,4,0,3,Night Shift (22:00-05:59),7,00:00-05:59,7,2025-01-01,2026-01-01
YTD,04,Crime Type,EXTORTION,14,Sunday,4,15,2,Evening Shift (14:00-21:59),6,12:00-17:59,6,2025-01-01,2026-01-01
YTD,04,Crime Type,FAMILY OFFENSE,50,Sunday,10,22,7,Evening Shift (14:00-21:59),23,12:00-17:59,19,2025-01-01,2026-01-01
YTD,04,Crime Type,FORGERY,12,Monday,3,12,4,Day Shift (06:00-13:59),7,12:00-17:59,8,2025-01-01,2026-01-01
YTD,04,Crime Type,FRAUD,452,Friday,78,12,64,Evening Shift (14:00-21:59),214,12:00-17:59,221,2025-01-01,2026-01-01
YTD,04,Crime Type,HEALTH AND SAFETY,4,Friday,1,15,1,Evening Shift (14:00-21:59),4,12:00-17:59,4,2025-01-01,2026-01-01
YTD,04,Crime Type,HOMICIDE,8,Friday,3,10,3,Day Shift (06:00-13:59),4,12:00-17:59,4,2025-01-01,2026-01-01
YTD,04,Crime Type,INVASION OF PRIVACY -OTHER,4,Saturday,1,12,1,Night Shift (22:00-05:59),3,00:00-05:59,3,2025-01-01,2026-01-01
YTD,04,Crime Type,KIDNAPPING,19,Monday,4,20,3,Evening Shift (14:00-21:59),9,18:00-23:59,6,2025-01-01,2026-01-01
YTD,04,Crime Type,LARCENY,620,Monday,99,12,52,Evening Shift (14:00-21:59),255,12:00-17:59,212,2025-01-01,2026-01-01
YTD,04,Crime Type,LIQUOR,6,Tuesday,2,21,3,Evening Shift (14:00-21:59),5,18:00-23:59,5,2025-01-01,2026-01-01
YTD,04,Crime Type,MISCELLANEOUS,7,Friday,3,13,2,Day Shift (06:00-13:59),3,12:00-17:59,3,2025-01-01,2026-01-01
YTD,04,Crime Type,OBSTRUCTING JUDICIARY,64,Wednesday,13,15,8,Evening Shift (14:00-21:59),34,12:00-17:59,33,2025-01-01,2026-01-01
YTD,04,Crime Type,OBSTRUCTING THE POLICE,116,Saturday,24,21,15,Evening Shift (14:00-21:59),60,18:00-23:59,51,2025-01-01,2026-01-01
YTD,04,Crime Type,OTHER,20,Thursday,6,18,5,Evening Shift (14:00-21:59),14,18:00-23:59,11,2025-01-01,2026-01-01
YTD,04,Crime Type,OUIL,20,Saturday,12,16,4,Evening Shift (14:00-21:59),12,12:00-17:59,8,2025-01-01,2026-01-01
YTD,04,Crime Type,ROBBERY,68,Monday,18,21,9,Evening Shift (14:00-21:59),32,18:00-23:59,26,2025-01-01,2026-01-01
YTD,04,Crime Type,RUNAWAY,39,Sunday,8,23,5,Evening Shift (14:00-21:59),19,12:00-17:59,16,2025-01-01,2026-01-01
YTD,04,Crime Type,SEX OFFENSES,53,Friday,20,22,7,Evening Shift (14:00-21:59),33,18:00-23:59,26,2025-01-01,2026-01-01
YTD,04,Crime Type,SEXUAL ASSAULT,24,Saturday,6,8,5,Day Shift (06:00-13:59),10,06:00-11:59,8,2025-01-01,2026-01-01
YTD,04,Crime Type,STOLEN PROPERTY,111,Wednesday,26,12,12,Day Shift (06:00-13:59),47,12:00-17:59,51,2025-01-01,2026-01-01
YTD,04,Crime Type,STOLEN VEHICLE,343,Tuesday,55,22,45,Night Shift (22:00-05:59),154,18:00-23:59,153,2025-01-01,2026-01-01
YTD,04,Crime Type,WEAPONS OFFENSES,147,Friday,28,0,19,Night Shift (22:00-05:59),74,18:00-23:59,72,2025-01-01,2026-01-01
YTD,04,Category Focus,Gun-Related,132,Wednesday,26,22,17,Night Shift (22:00-05:59),65,18:00-23:59,68,2025-01-01,2026-01-01
YTD,04,Category Focus,Property Crime,1732,Monday,269,12,115,Evening Shift (14:00-21:59),669,12:00-17:59,513,2025-01-01,2026-01-01
YTD,04,Category Focus,Larceny,620,Monday,99,12,52,Evening Shift (14:00-21:59),255,12:00-17:59,212,2025-01-01,2026-01-01
YTD,05,All,All,6189,Wednesday,983,12,378,Evening Shift (14:00-21:59),2518,12:00-17:59,1957,2025-01-01,2026-01-01
YTD,05,Crime Type,AGGRAVATED ASSAULT,584,Wednesday,104,22,42,Evening Shift (14:00-21:59),250,18:00-23:59,204,2025-01-01,2026-01-01
YTD,05,Crime Type,ARSON,43,Saturday,10,5,5,Night Shift (22:00-05:59),26,00:00-05:59,20,2025-01-01,2026-01-01
YTD,05,Crime Type,ASSAULT,1172,Friday,187,16,76,Evening Shift (14:00-21:59),505,12:00-17:59,391,2025-01-01,2026-01-01
YTD,05,Crime Type,BURGLARY,368,Friday,61,12,32,Day Shift (06:00-13:59),151,12:00-17:59,129,2025-01-01,2026-01-01
YTD,05,Crime Type,DAMAGE TO PROPERTY,805,Wednesday,125,20,48,Evening Shift (14:00-21:59),303,18:00-23:59,252,2025-01-01,2026-01-01
YTD,05,Crime Type,DANGEROUS DRUGS,51,Thursday,12,17,5,Evening Shift (14:00-21:59),23,12:00-17:59,20,2025-01-01,2026-01-01
YTD,05,Crime Type,DISORDERLY CONDUCT,10,Monday,3,0,1,Day Shift (06:00-13:59),5,12:00-17:59,3,2025-01-01,2026-01-01
YTD,05,Crime Type,EXTORTION,7,Monday,2,21,2,Evening Shift (14:00-21:59),4,18:00-23:59,3,2025-01-01,2026-01-01
YTD,05,Crime Type,FAMILY OFFENSE,68,Saturday,14,10,7,Day Shift (06:00-13:59),33,12:00-17:59,23,2025-01-01,2026-01-01
YTD,05,Crime Type,FORGERY,5,Friday,2,12,2,Day Shift (06:00-13:59),4,12:00-17:59,3,2025-01-01,2026-01-01
YTD,05,Crime Type,FRAUD,679,Thursday,107,12,74,Day Shift (06:00-13:59),317,12:00-17:59,280,2025-01-01,2026-01-01
YTD,05,Crime Type,HEALTH AND SAFETY,3,Tuesday,2,15,2,Evening Shift (14:00-21:59),3,12:00-17:59,3,2025-01-01,2026-01-01
YTD,05,Crime Type,HOMICIDE,14,Friday,4,1,2,Night Shift (22:00-05:59),6,00:00-05:59,5,2025-01-01,2026-01-01
YTD,05,Crime Type,INVASION OF PRIVACY -OTHER,12,Tuesday,3,15,3,Evening Shift (14:00-21:59),6,12:00-17:59,6,2025-01-01,2026-01-01
YTD,05,Crime Type,JUSTIFIABLE HOMICIDE,4,Friday,1,21,1,Night Shift (22:00-05:59),2,00:00-05:59,2,2025-01-01,2026-01-01
YTD,05,Crime Type,KIDNAPPING,16,Monday,4,23,3,Night Shift (22:00-05:59),6,18:00-23:59,6,2025-01-01,2026-01-01
YTD,05,Crime Type,LARCENY,804,Wednesday,129,12,77,Evening Shift (14:00-21:59),338,12:00-17:59,300,2025-01-01,2026-01-01
YTD,05,Crime Type,LIQUOR,2,Saturday,1,0,1,Night Shift (22:00-05:59),2,00:00-05:59,1,2025-01-01,2026-01-01
YTD,05,Crime Type,MISCELLANEOUS,10,Thursday,3,12,2,Night Shift (22:00-05:59),5,18:00-23:59,4,2025-01-01,2026-01-01
YTD,05,Crime Type,OBSTRUCTING JUDICIARY,56,Friday,13,10,7,Evening Shift (14:00-21:59),21,18:00-23:59,23,2025-01-01,2026-01-01
YTD,05,Crime Type,OBSTRUCTING THE POLICE,135,Wednesday,30,20,14,Evening Shift (14:00-21:59),56,18:00-23:59,49,2025-01-01,2026-01-01
YTD,05,Crime Type,OTHER,15,Friday,5,13,2,Evening Shift (14:00-21:59),6,12:00-17:59,5,2025-01-01,2026-01-01
YTD,05,Crime Type,OUIL,50,Monday,12,2,8,Night Shift (22:00-05:59),26,18:00-23:59,18,2025-01-01,2026-01-01
YTD,05,Crime Type,ROBBERY,77,Sunday,16,13,8,Evening Shift (14:00-21:59),32,12:00-17:59,28,2025-01-01,2026-01-01
YTD,05,Crime Type,RUNAWAY,183,Saturday,36,22,20,Evening Shift (14:00-21:59),90,18:00-23:59,79,2025-01-01,2026-01-01
YTD,05,Crime Type,SEX OFFENSES,43,Monday,9,10,6,Evening Shift (14:00-21:59),23,18:00-23:59,16,2025-01-01,2026-01-01
YTD,05,Crime Type,SEXUAL ASSAULT,49,Sunday,10,0,6,Night Shift (22:00-05:59),21,00:00-05:59,16,2025-01-01,2026-01-01
YTD,05,Crime Type,SOLICITATION,1,Thursday,1,14,1,Evening Shift (14:00-21:59),1,12:00-17:59,1,2025-01-01,2026-01-01
YTD,05,Crime Type,STOLEN PROPERTY,160,Wednesday,27,13,17,Day Shift (06:00-13:59),72,12:00-17:59,59,2025-01-01,2026-01-01
YTD,05,Crime Type,STOLEN VEHICLE,565,Friday,95,22,49,Night Shift (22:00-05:59),232,18:00-23:59,235,2025-01-01,2026-01-01
YTD,05,Crime Type,WEAPONS OFFENSES,198,Friday,37,23,23,Evening Shift (14:00-21:59),92,18:00-23:59,89,2025-01-01,2026-01-01
YTD,05,Category Focus,Gun-Related,178,Wednesday,33,21,22,Evening Shift (14:00-21:59),85,18:00-23:59,83,2025-01-01,2026-01-01
YTD,05,Category Focus,Property Crime,2702,Wednesday,416,12,182,Evening Shift (14:00-21:59),1047,12:00-17:59,824,2025-01-01,2026-01-01
YTD,05,Category Focus,Larceny,804,Wednesday,129,12,77,Evening Shift (14:00-21:59),338,12:00-17:59,300,2025-01-01,2026-01-01
YTD,06,All,All,7966,Sunday,1161,12,464,Evening Shift (14:00-21:59),3316,12:00-17:59,2531,2025-01-01,2026-01-01
YTD,06,Crime Type,AGGRAVATED ASSAULT,800,Monday,125,18,55,Evening Shift (14:00-21:59),348,18:00-23:59,275,2025-01-01,2026-01-01
YTD,06,Crime Type,ARSON,55,Wednesday,10,23,7,Night Shift (22:00-05:59),28,00:00-05:59,20,2025-01-01,2026-01-01
YTD,06,Crime Type,ASSAULT,1890,Saturday,314,20,120,Evening Shift (14:00-21:59),754,12:00-17:59,570,2025-01-01,2026-01-01
YTD,06,Crime Type,BURGLARY,564,Monday,92,12,45,Evening Shift (14:00-21:59),245,12:00-17:59,201,2025-01-01,2026-01-01
YTD,06,Crime Type,DAMAGE TO PROPERTY,1036,Sunday,173,17,65,Evening Shift (14:00-21:59),404,18:00-23:59,309,2025-01-01,2026-01-01
YTD,06,Crime Type,DANGEROUS DRUGS,59,Thursday,17,12,8,Evening Shift (14:00-21:59),32,12:00-17:59,26,2025-01-01,2026-01-01
YTD,06,Crime Type,DISORDERLY CONDUCT,17,Sunday,5,0,4,Night Shift (22:00-05:59),8,00:00-05:59,8,2025-01-01,2026-01-01
YTD,06,Crime Type,EXTORTION,12,Wednesday,4,21,4,Evening Shift (14:00-21:59),9,18:00-23:59,6,2025-01-01,2026-01-01
YTD,06,Crime Type,FAMILY OFFENSE,101,Thursday,18,12,10,Evening Shift (14:00-21:59),50,12:00-17:59,38,2025-01-01,2026-01-01
YTD,06,Crime Type,FORGERY,14,Wednesday,5,17,2,Evening Shift (14:00-21:59),7,12:00-17:59,6,2025-01-01,2026-01-01
YTD,06,Crime Type,FRAUD,511,Tuesday,90,12,68,Evening Shift (14:00-21:59),224,12:00-17:59,255,2025-01-01,2026-01-01
YTD,06,Crime Type,HEALTH AND SAFETY,12,Thursday,6,14,2,Evening Shift (14:00-21:59),8,12:00-17:59,8,2025-01-01,2026-01-01
YTD,06,Crime Type,HOMICIDE,9,Friday,4,20,2,Evening Shift (14:00-21:59),5,18:00-23:59,5,2025-01-01,2026-01-01
YTD,06,Crime Type,INVASION OF PRIVACY -OTHER,12,Saturday,4,9,4,Day Shift (06:00-13:59),7,06:00-11:59,6,2025-01-01,2026-01-01
YTD,06,Crime Type,KIDNAPPING,22,Wednesday,5,15,4,Evening Shift (14:00-21:59),14,12:00-17:59,13,2025-01-01,2026-01-01
YTD,06,Crime Type,LARCENY,939,Monday,139,12,70,Evening Shift (14:00-21:59),410,12:00-17:59,345,2025-01-01,2026-01-01
YTD,06,Crime Type,MISCELLANEOUS,3,Wednesday,1,14,2,Evening Shift (14:00-21:59),2,12:00-17:59,2,2025-01-01,2026-01-01
YTD,06,Crime Type,OBSTRUCTING JUDICIARY,120,Friday,24,12,12,Evening Shift (14:00-21:59),56,12:00-17:59,43,2025-01-01,2026-01-01
YTD,06,Crime Type,OBSTRUCTING THE POLICE,191,Friday,34,20,20,Evening Shift (14:00-21:59),88,18:00-23:59,81,2025-01-01,2026-01-01
YTD,06,Crime Type,OTHER,31,Saturday,9,11,6,Day Shift (06:00-13:59),20,12:00-17:59,12,2025-01-01,2026-01-01
YTD,06,Crime Type,OUIL,36,Friday,10,0,8,Night Shift (22:00-05:59),20,18:00-23:59,14,2025-01-01,2026-01-01
YTD,06,Crime Type,ROBBERY,93,Sunday,25,22,12,Evening Shift (14:00-21:59),36,18:00-23:59,38,2025-01-01,2026-01-01
YTD,06,Crime Type,RUNAWAY,110,Monday,20,19,11,Evening Shift (14:00-21:59),58,18:00-23:59,39,2025-01-01,2026-01-01
YTD,06,Crime Type,SEX OFFENSES,51,Sunday,9,15,4,Evening Shift (14:00-21:59),19,12:00-17:59,17,2025-01-01,2026-01-01
YTD,06,Crime Type,SEXUAL ASSAULT,67,Wednesday,13,18,13,Evening Shift (14:00-21:59),27,18:00-23:59,21,2025-01-01,2026-01-01
YTD,06,Crime Type,SOLICITATION,1,Monday,1,20,1,Evening Shift (14:00-21:59),1,18:00-23:59,1,2025-01-01,2026-01-01
YTD,06,Crime Type,STOLEN PROPERTY,228,Friday,42,14,20,Evening Shift (14:00-21:59),95,12:00-17:59,84,2025-01-01,2026-01-01
YTD,06,Crime Type,STOLEN VEHICLE,641,Tuesday,100,22,74,Night Shift (22:00-05:59),300,18:00-23:59,278,2025-01-01,2026-01-01
YTD,06,Crime Type,WEAPONS OFFENSES,341,Thursday,56,22,35,Evening Shift (14:00-21:59),151,18:00-23:59,152,2025-01-01,2026-01-01
YTD,06,Category Focus,Gun-Related,283,Thursday,46,22,31,Evening Shift (14:00-21:59),122,18:00-23:59,127,2025-01-01,2026-01-01
YTD,06,Category Focus,Property Crime,3408,Monday,520,12,198,Evening Shift (14:00-21:59),1385,12:00-17:59,1058,2025-01-01,2026-01-01
YTD,06,Category Focus,Larceny,939,Monday,139,12,70,Evening Shift (14:00-21:59),410,12:00-17:59,345,2025-01-01,2026-01-01
YTD,07,All,All,5383,Sunday,820,20,334,Evening Shift (14:00-21:59),2264,18:00-23:59,1742,2025-01-01,2026-01-01
YTD,07,Crime Type,AGGRAVATED ASSAULT,395,Sunday,79,23,31,Evening Shift (14:00-21:59),151,18:00-23:59,128,2025-01-01,2026-01-01
YTD,07,Crime Type,ARSON,27,Wednesday,6,3,3,Night Shift (22:00-05:59),14,00:00-05:59,11,2025-01-01,2026-01-01
YTD,07,Crime Type,ASSAULT,950,Saturday,164,0,60,Evening Shift (14:00-21:59),367,12:00-17:59,273,2025-01-01,2026-01-01
YTD,07,Crime Type,BURGLARY,248,Monday,47,19,18,Evening Shift (14:00-21:59),100,12:00-17:59,80,2025-01-01,2026-01-01
YTD,07,Crime Type,DAMAGE TO PROPERTY,778,Sunday,125,22,59,Evening Shift (14:00-21:59),330,18:00-23:59,288,2025-01-01,2026-01-01
YTD,07,Crime Type,DANGEROUS DRUGS,89,Thursday,21,21,8,Evening Shift (14:00-21:59),52,12:00-17:59,38,2025-01-01,2026-01-01
YTD,07,Crime Type,DISORDERLY CONDUCT,20,Sunday,6,3,3,Night Shift (22:00-05:59),9,18:00-23:59,9,2025-01-01,2026-01-01
YTD,07,Crime Type,EXTORTION,8,Friday,2,18,2,Day Shift (06:00-13:59),3,06:00-11:59,3,2025-01-01,2026-01-01
YTD,07,Crime Type,FAMILY OFFENSE,53,Friday,11,10,7,Day Shift (06:00-13:59),23,06:00-11:59,19,2025-01-01,2026-01-01
YTD,07,Crime Type,FORGERY,13,Saturday,4,23,3,Day Shift (06:00-13:59),6,18:00-23:59,5,2025-01-01,2026-01-01
YTD,07,Crime Type,FRAUD,476,Tuesday,76,12,45,Day Shift (06:00-13:59),194,12:00-17:59,194,2025-01-01,2026-01-01
YTD,07,Crime Type,HEALTH AND SAFETY,2,Sunday,2,0,1,Night Shift (22:00-05:59),2,00:00-05:59,2,2025-01-01,2026-01-01
YTD,07,Crime Type,HOMICIDE,14,Tuesday,6,14,2,Evening Shift (14:00-21:59),8,12:00-17:59,5,2025-01-01,2026-01-01
YTD,07,Crime Type,INVASION OF PRIVACY -OTHER,20,Sunday,5,18,4,Evening Shift (14:00-21:59),11,18:00-23:59,12,2025-01-01,2026-01-01
YTD,07,Crime Type,JUSTIFIABLE HOMICIDE,3,Sunday,2,22,2,Night Shift (22:00-05:59),3,18:00-23:59,2,2025-01-01,2026-01-01
YTD,07,Crime Type,KIDNAPPING,6,Wednesday,2,20,2,Night Shift (22:00-05:59),3,18:00-23:59,3,2025-01-01,2026-01-01
YTD,07,Crime Type,LARCENY,1098,Sunday,181,15,79,Evening Shift (14:00-21:59),483,12:00-17:59,394,2025-01-01,2026-01-01
YTD,07,Crime Type,LIQUOR,1,Saturday,1,8,1,Day Shift (06:00-13:59),1,06:00-11:59,1,2025-01-01,2026-01-01
YTD,07,Crime Type,MISCELLANEOUS,10,Saturday,3,11,2,Evening Shift (14:00-21:59),6,12:00-17:59,5,2025-01-01,2026-01-01
YTD,07,Crime Type,OBSTRUCTING JUDICIARY,56,Friday,14,15,8,Evening Shift (14:00-21:59),31,12:00-17:59,21,2025-01-01,2026-01-01
YTD,07,Crime Type,OBSTRUCTING THE POLICE,107,Monday,25,20,12,Night Shift (22:00-05:59),48,18:00-23:59,43,2025-01-01,2026-01-01
YTD,07,Crime Type,OTHER,24,Tuesday,6,14,5,Evening Shift (14:00-21:59),17,12:00-17:59,14,2025-01-01,2026-01-01
YTD,07,Crime Type,OUIL,44,Tuesday,12,2,6,Night Shift (22:00-05:59),20,00:00-05:59,12,2025-01-01,2026-01-01
YTD,07,Crime Type,ROBBERY,66,Sunday,18,17,5,Night Shift (22:00-05:59),31,18:00-23:59,21,2025-01-01,2026-01-01
YTD,07,Crime Type,RUNAWAY,46,Friday,10,18,5,Evening Shift (14:00-21:59),28,18:00-23:59,20,2025-01-01,2026-01-01
YTD,07,Crime Type,SEX OFFENSES,39,Monday,8,13,5,Evening Shift (14:00-21:59),18,12:00-17:59,14,2025-01-01,2026-01-01
YTD,07,Crime Type,SEXUAL ASSAULT,36,Thursday,7,17,6,Night Shift (22:00-05:59),14,00:00-05:59,12,2025-01-01,2026-01-01
YTD,07,Crime Type,STOLEN PROPERTY,88,Tuesday,20,9,8,Day Shift (06:00-13:59),35,12:00-17:59,29,2025-01-01,2026-01-01
YTD,07,Crime Type,STOLEN VEHICLE,527,Sunday,84,20,49,Evening Shift (14:00-21:59),228,18:00-23:59,237,2025-01-01,2026-01-01
YTD,07,Crime Type,WEAPONS OFFENSES,139,Wednesday,23,23,14,Evening Shift (14:00-21:59),71,18:00-23:59,59,2025-01-01,2026-01-01
YTD,07,Category Focus,Gun-Related,116,Thursday,19,0,12,Evening Shift (14:00-21:59),58,18:00-23:59,49,2025-01-01,2026-01-01
YTD,07,Category Focus,Property Crime,2739,Sunday,431,20,187,Evening Shift (14:00-21:59),1176,18:00-23:59,951,2025-01-01,2026-01-01
YTD,07,Category Focus,Larceny,1098,Sunday,181,15,79,Evening Shift (14:00-21:59),483,12:00-17:59,394,2025-01-01,2026-01-01
YTD,08,All,All,9729,Friday,1428,0,641,Evening Shift (14:00-21:59),3863,18:00-23:59,2933,2025-01-01,2026-01-01
YTD,08,Crime Type,AGGRAVATED ASSAULT,980,Monday,169,22,62,Evening Shift (14:00-21:59),390,18:00-23:59,330,2025-01-01,2026-01-01
YTD,08,Crime Type,ARSON,56,Tuesday,14,0,6,Night Shift (22:00-05:59),32,00:00-05:59,27,2025-01-01,2026-01-01
YTD,08,Crime Type,ASSAULT,2010,Sunday,325,16,116,Evening Shift (14:00-21:59),798,12:00-17:59,624,2025-01-01,2026-01-01
YTD,08,Crime Type,BURGLARY,643,Tuesday,106,12,57,Evening Shift (14:00-21:59),247,12:00-17:59,231,2025-01-01,2026-01-01
YTD,08,Crime Type,DAMAGE TO PROPERTY,1224,Monday,205,0,89,Night Shift (22:00-05:59),474,18:00-23:59,353,2025-01-01,2026-01-01
YTD,08,Crime Type,DANGEROUS DRUGS,51,Wednesday,15,16,13,Evening Shift (14:00-21:59),33,12:00-17:59,33,2025-01-01,2026-01-01
YTD,08,Crime Type,DISORDERLY CONDUCT,20,Sunday,5,0,3,Night Shift (22:00-05:59),10,00:00-05:59,9,2025-01-01,2026-01-01
YTD,08,Crime Type,EXTORTION,12,Wednesday,4,12,3,Day Shift (06:00-13:59),5,12:00-17:59,5,2025-01-01,2026-01-01
YTD,08,Crime Type,FAMILY OFFENSE,127,Wednesday,23,8,11,Day Shift (06:00-13:59),52,12:00-17:59,44,2025-01-01,2026-01-01
YTD,08,Crime Type,FORGERY,18,Thursday,5,13,3,Night Shift (22:00-05:59),7,18:00-23:59,7,2025-01-01,2026-01-01
YTD,08,Crime Type,FRAUD,796,Friday,153,12,100,Day Shift (06:00-13:59),350,12:00-17:59,369,2025-01-01,2026-01-01
YTD,08,Crime Type,HEALTH AND SAFETY,9,Sunday,4,15,2,Evening Shift (14:00-21:59),5,12:00-17:59,7,2025-01-01,2026-01-01
YTD,08,Crime Type,HOMICIDE,32,Thursday,5,18,6,Night Shift (22:00-05:59),18,18:00-23:59,15,2025-01-01,2026-01-01
YTD,08,Crime Type,INVASION OF PRIVACY -OTHER,12,Monday,4,6,2,Evening Shift (14:00-21:59),6,12:00-17:59,5,2025-01-01,2026-01-01
YTD,08,Crime Type,JUSTIFIABLE HOMICIDE,2,Monday,1,4,1,Night Shift (22:00-05:59),1,00:00-05:59,1,2025-01-01,2026-01-01
YTD,08,Crime Type,KIDNAPPING,20,Sunday,7,13,3,Evening Shift (14:00-21:59),7,18:00-23:59,8,2025-01-01,2026-01-01
YTD,08,Crime Type,LARCENY,1277,Sunday,204,12,112,Evening Shift (14:00-21:59),508,12:00-17:59,446,2025-01-01,2026-01-01
YTD,08,Crime Type,LIQUOR,3,Friday,1,20,1,Evening Shift (14:00-21:59),2,18:00-23:59,2,2025-01-01,2026-01-01
YTD,08,Crime Type,MISCELLANEOUS,15,Wednesday,4,0,5,Night Shift (22:00-05:59),8,12:00-17:59,5,2025-01-01,2026-01-01
YTD,08,Crime Type,OBSTRUCTING JUDICIARY,166,Wednesday,31,18,16,Evening Shift (14:00-21:59),78,12:00-17:59,53,2025-01-01,2026-01-01
YTD,08,Crime Type,OBSTRUCTING THE POLICE,188,Thursday,34,0,21,Night Shift (22:00-05:59),94,18:00-23:59,81,2025-01-01,2026-01-01
YTD,08,Crime Type,OTHER,24,Sunday,8,16,3,Evening Shift (14:00-21:59),14,12:00-17:59,11,2025-01-01,2026-01-01
YTD,08,Crime Type,OUIL,40,Thursday,10,16,6,Evening Shift (14:00-21:59),28,18:00-23:59,18,2025-01-01,2026-01-01
YTD,08,Crime Type,ROBBERY,127,Sunday,25,19,10,Evening Shift (14:00-21:59),62,18:00-23:59,43,2025-01-01,2026-01-01
YTD,08,Crime Type,RUNAWAY,159,Thursday,29,16,16,Evening Shift (14:00-21:59),82,12:00-17:59,50,2025-01-01,2026-01-01
YTD,08,Crime Type,SEX OFFENSES,56,Friday,12,20,7,Evening Shift (14:00-21:59),24,18:00-23:59,23,2025-01-01,2026-01-01
YTD,08,Crime Type,SEXUAL ASSAULT,55,Thursday,14,0,7,Night Shift (22:00-05:59),23,00:00-05:59,15,2025-01-01,2026-01-01
YTD,08,Crime Type,STOLEN PROPERTY,288,Tuesday,54,8,25,Evening Shift (14:00-21:59),112,12:00-17:59,98,2025-01-01,2026-01-01
YTD,08,Crime Type,STOLEN VEHICLE,881,Friday,145,23,102,Night Shift (22:00-05:59),417,18:00-23:59,385,2025-01-01,2026-01-01
YTD,08,Crime Type,WEAPONS OFFENSES,438,Wednesday,88,22,57,Evening Shift (14:00-21:59),205,18:00-23:59,240,2025-01-01,2026-01-01
YTD,08,Category Focus,Gun-Related,372,Wednesday,73,22,46,Evening Shift (14:00-21:59),178,18:00-23:59,209,2025-01-01,2026-01-01
YTD,08,Category Focus,Property Crime,4313,Sunday,644,0,287,Evening Shift (14:00-21:59),1617,18:00-23:59,1310,2025-01-01,2026-01-01
YTD,08,Category Focus,Larceny,1277,Sunday,204,12,112,Evening Shift (14:00-21:59),508,12:00-17:59,446,2025-01-01,2026-01-01
YTD,09,All,All,10229,Friday,1527,16,639,Evening Shift (14:00-21:59),4258,18:00-23:59,3182,2025-01-01,2026-01-01
YTD,09,Crime Type,AGGRAVATED ASSAULT,1067,Sunday,206,22,73,Evening Shift (14:00-21:59),439,18:00-23:59,372,2025-01-01,2026-01-01
YTD,09,Crime Type,ARSON,79,Monday,15,4,8,Night Shift (22:00-05:59),40,00:00-05:59,34,2025-01-01,2026-01-01
YTD,09,Crime Type,ASSAULT,2061,Sunday,333,16,123,Evening Shift (14:00-21:59),858,12:00-17:59,610,2025-01-01,2026-01-01
YTD,09,Crime Type,BURGLARY,829,Tuesday,144,16,66,Evening Shift (14:00-21:59),352,12:00-17:59,303,2025-01-01,2026-01-01
YTD,09,Crime Type,DAMAGE TO PROPERTY,1236,Wednesday,193,21,72,Evening Shift (14:00-21:59),473,18:00-23:59,368,2025-01-01,2026-01-01
YTD,09,Crime Type,DANGEROUS DRUGS,193,Tuesday,41,17,21,Evening Shift (14:00-21:59),100,12:00-17:59,105,2025-01-01,2026-01-01
YTD,09,Crime Type,DISORDERLY CONDUCT,13,Monday,3,0,3,Night Shift (22:00-05:59),8,00:00-05:59,7,2025-01-01,2026-01-01
YTD,09,Crime Type,EXTORTION,8,Thursday,3,15,3,Evening Shift (14:00-21:59),6,12:00-17:59,6,2025-01-01,2026-01-01
YTD,09,Crime Type,FAMILY OFFENSE,120,Tuesday,22,17,13,Evening Shift (14:00-21:59),63,12:00-17:59,53,2025-01-01,2026-01-01
YTD,09,Crime Type,FORGERY,15,Monday,5,16,2,Evening Shift (14:00-21:59),8,12:00-17:59,9,2025-01-01,2026-01-01
YTD,09,Crime Type,FRAUD,605,Friday,119,12,82,Evening Shift (14:00-21:59),268,12:00-17:59,293,2025-01-01,2026-01-01
YTD,09,Crime Type,HEALTH AND SAFETY,7,Wednesday,4,14,3,Evening Shift (14:00-21:59),7,12:00-17:59,6,2025-01-01,2026-01-01
YTD,09,Crime Type,HOMICIDE,34,Thursday,7,17,5,Evening Shift (14:00-21:59),16,12:00-17:59,12,2025-01-01,2026-01-01
YTD,09,Crime Type,INVASION OF PRIVACY -OTHER,6,Tuesday,2,10,2,Day Shift (06:00-13:59),3,12:00-17:59,3,2025-01-01,2026-01-01
YTD,09,Crime Type,JUSTIFIABLE HOMICIDE,3,Tuesday,1,22,1,Night Shift (22:00-05:59),2,18:00-23:59,2,2025-01-01,2026-01-01
YTD,09,Crime Type,KIDNAPPING,28,Friday,9,21,4,Evening Shift (14:00-21:59),11,18:00-23:59,8,2025-01-01,2026-01-01
YTD,09,Crime Type,LARCENY,1124,Friday,170,12,95,Evening Shift (14:00-21:59),482,12:00-17:59,421,2025-01-01,2026-01-01
YTD,09,Crime Type,MISCELLANEOUS,6,Thursday,4,12,2,Day Shift (06:00-13:59),3,12:00-17:59,3,2025-01-01,2026-01-01
YTD,09,Crime Type,OBSTRUCTING JUDICIARY,92,Wednesday,18,16,12,Evening Shift (14:00-21:59),47,12:00-17:59,32,2025-01-01,2026-01-01
YTD,09,Crime Type,OBSTRUCTING THE POLICE,253,Saturday,49,0,33,Night Shift (22:00-05:59),132,18:00-23:59,97,2025-01-01,2026-01-01
YTD,09,Crime Type,OTHER,18,Wednesday,5,14,3,Evening Shift (14:00-21:59),8,00:00-05:59,6,2025-01-01,2026-01-01
YTD,09,Crime Type,OUIL,56,Monday,18,19,12,Evening Shift (14:00-21:59),26,18:00-23:59,26,2025-01-01,2026-01-01
YTD,09,Crime Type,ROBBERY,135,Tuesday,23,16,12,Evening Shift (14:00-21:59),59,18:00-23:59,45,2025-01-01,2026-01-01
YTD,09,Crime Type,RUNAWAY,152,Friday,31,17,16,Evening Shift (14:00-21:59),73,18:00-23:59,53,2025-01-01,2026-01-01
YTD,09,Crime Type,SEX OFFENSES,154,Friday,73,22,27,Evening Shift (14:00-21:59),92,18:00-23:59,107,2025-01-01,2026-01-01
YTD,09,Crime Type,SEXUAL ASSAULT,73,Saturday,17,17,6,Night Shift (22:00-05:59),27,00:00-05:59,22,2025-01-01,2026-01-01
YTD,09,Crime Type,SOLICITATION,10,Friday,5,16,3,Evening Shift (14:00-21:59),6,18:00-23:59,5,2025-01-01,2026-01-01
YTD,09,Crime Type,STOLEN PROPERTY,444,Thursday,84,11,37,Day Shift (06:00-13:59),193,12:00-17:59,159,2025-01-01,2026-01-01
YTD,09,Crime Type,STOLEN VEHICLE,904,Thursday,152,22,82,Night Shift (22:00-05:59),432,18:00-23:59,364,2025-01-01,2026-01-01
YTD,09,Crime Type,WEAPONS OFFENSES,504,Saturday,88,21,61,Evening Shift (14:00-21:59),226,18:00-23:59,225,2025-01-01,2026-01-01
YTD,09,Category Focus,Gun-Related,410,Saturday,68,21,51,Night Shift (22:00-05:59),189,18:00-23:59,188,2025-01-01,2026-01-01
YTD,09,Category Focus,Property Crime,4537,Thursday,698,12,263,Evening Shift (14:00-21:59),1790,18:00-23:59,1357,2025-01-01,2026-01-01
YTD,09,Category Focus,Larceny,1124,Friday,170,12,95,Evening Shift (14:00-21:59),482,12:00-17:59,421,2025-01-01,2026-01-01
YTD,0W,All,All,1,Wednesday,1,2,1,Night Shift (22:00-05:59),1,00:00-05:59,1,2025-01-01,2026-01-01
YTD,0W,Crime Type,FRAUD,1,Wednesday,1,2,1,Night Shift (22:00-05:59),1,00:00-05:59,1,2025-01-01,2026-01-01
YTD,10,All,All,7476,Friday,1111,12,456,Evening Shift (14:00-21:59),3130,12:00-17:59,2374,2025-01-01,2026-01-01
YTD,10,Crime Type,AGGRAVATED ASSAULT,773,Tuesday,126,18,49,Evening Shift (14:00-21:59),332,18:00-23:59,257,2025-01-01,2026-01-01
YTD,10,Crime Type,ARSON,49,Tuesday,12,7,4,Night Shift (22:00-05:59),20,18:00-23:59,16,2025-01-01,2026-01-01
YTD,10,Crime Type,ASSAULT,1606,Saturday,248,15,113,Evening Shift (14:00-21:59),693,12:00-17:59,526,2025-01-01,2026-01-01
YTD,10,Crime Type,BURGLARY,555,Monday,100,17,39,Evening Shift (14:00-21:59),241,12:00-17:59,214,2025-01-01,2026-01-01
YTD,10,Crime Type,DAMAGE TO PROPERTY,970,Sunday,157,21,57,Evening Shift (14:00-21:59),373,18:00-23:59,298,2025-01-01,2026-01-01
YTD,10,Crime Type,DANGEROUS DRUGS,83,Wednesday,26,0,10,Evening Shift (14:00-21:59),38,18:00-23:59,32,2025-01-01,2026-01-01
YTD,10,Crime Type,DISORDERLY CONDUCT,18,Thursday,4,19,4,Evening Shift (14:00-21:59),10,18:00-23:59,7,2025-01-01,2026-01-01
YTD,10,Crime Type,EXTORTION,10,Tuesday,4,8,3,Evening Shift (14:00-21:59),5,18:00-23:59,5,2025-01-01,2026-01-01
YTD,10,Crime Type,FAMILY OFFENSE,107,Monday,20,18,9,Evening Shift (14:00-21:59),55,12:00-17:59,39,2025-01-01,2026-01-01
YTD,10,Crime Type,FORGERY,17,Thursday,4,12,4,Day Shift (06:00-13:59),9,12:00-17:59,10,2025-01-01,2026-01-01
YTD,10,Crime Type,FRAUD,674,Wednesday,112,12,96,Day Shift (06:00-13:59),298,12:00-17:59,298,2025-01-01,2026-01-01
YTD,10,Crime Type,GAMBLING,1,Thursday,1,16,1,Evening Shift (14:00-21:59),1,12:00-17:59,1,2025-01-01,2026-01-01
YTD,10,Crime Type,HEALTH AND SAFETY,17,Friday,8,21,7,Evening Shift (14:00-21:59),9,18:00-23:59,14,2025-01-01,2026-01-01
YTD,10,Crime Type,HOMICIDE,17,Saturday,6,4,3,Night Shift (22:00-05:59),7,00:00-05:59,6,2025-01-01,2026-01-01
YTD,10,Crime Type,INVASION OF PRIVACY -OTHER,22,Saturday,4,17,5,Evening Shift (14:00-21:59),12,12:00-17:59,9,2025-01-01,2026-01-01
YTD,10,Crime Type,JUSTIFIABLE HOMICIDE,1,Monday,1,8,1,Day Shift (06:00-13:59),1,06:00-11:59,1,2025-01-01,2026-01-01
YTD,10,Crime Type,KIDNAPPING,19,Thursday,7,2,3,Day Shift (06:00-13:59),10,06:00-11:59,8,2025-01-01,2026-01-01
YTD,10,Crime Type,LARCENY,1065,Friday,181,12,77,Evening Shift (14:00-21:59),426,12:00-17:59,369,2025-01-01,2026-01-01
YTD,10,Crime Type,LIQUOR,3,Friday,2,21,2,Evening Shift (14:00-21:59),2,18:00-23:59,3,2025-01-01,2026-01-01
YTD,10,Crime Type,MISCELLANEOUS,7,Sunday,2,12,3,Day Shift (06:00-13:59),5,12:00-17:59,6,2025-01-01,2026-01-01
YTD,10,Crime Type,OBSTRUCTING JUDICIARY,85,Wednesday,14,19,8,Evening Shift (14:00-21:59),35,18:00-23:59,31,2025-01-01,2026-01-01
YTD,10,Crime Type,OBSTRUCTING THE POLICE,124,Thursday,23,20,15,Evening Shift (14:00-21:59),64,18:00-23:59,51,2025-01-01,2026-01-01
YTD,10,Crime Type,OTHER,25,Thursday,8,13,4,Evening Shift (14:00-21:59),14,12:00-17:59,12,2025-01-01,2026-01-01
YTD,10,Crime Type,OUIL,64,Saturday,12,21,10,Evening Shift (14:00-21:59),36,18:00-23:59,28,2025-01-01,2026-01-01
YTD,10,Crime Type,ROBBERY,119,Sunday,31,23,11,Night Shift (22:00-05:59),51,18:00-23:59,39,2025-01-01,2026-01-01
YTD,10,Crime Type,RUNAWAY,86,Wednesday,15,15,11,Evening Shift (14:00-21:59),47,12:00-17:59,37,2025-01-01,2026-01-01
YTD,10,Crime Type,SEX OFFENSES,58,Thursday,12,23,6,Night Shift (22:00-05:59),20,18:00-23:59,16,2025-01-01,2026-01-01
YTD,10,Crime Type,SEXUAL ASSAULT,57,Saturday,10,1,7,Night Shift (22:00-05:59),25,00:00-05:59,21,2025-01-01,2026-01-01
YTD,10,Crime Type,STOLEN PROPERTY,151,Friday,31,15,13,Evening Shift (14:00-21:59),71,12:00-17:59,60,2025-01-01,2026-01-01
YTD,10,Crime Type,STOLEN VEHICLE,454,Monday,78,22,46,Night Shift (22:00-05:59),189,18:00-23:59,191,2025-01-01,2026-01-01
YTD,10,Crime Type,WEAPONS OFFENSES,239,Thursday,50,22,31,Evening Shift (14:00-21:59),115,18:00-23:59,130,2025-01-01,2026-01-01
YTD,10,Category Focus,Gun-Related,204,Thursday,47,22,28,Evening Shift (14:00-21:59),98,18:00-23:59,109,2025-01-01,2026-01-01
YTD,10,Category Focus,Property Crime,3195,Friday,505,22,190,Evening Shift (14:00-21:59),1282,12:00-17:59,987,2025-01-01,2026-01-01
YTD,10,Category Focus,Larceny,1065,Friday,181,12,77,Evening Shift (14:00-21:59),426,12:00-17:59,369,2025-01-01,2026-01-01
YTD,11,All,All,6376,Sunday,959,0,377,Evening Shift (14:00-21:59),2604,12:00-17:59,1935,2025-01-01,2026-01-01
YTD,11,Crime Type,AGGRAVATED ASSAULT,695,Sunday,117,0,52,Evening Shift (14:00-21:59),275,18:00-23:59,232,2025-01-01,2026-01-01
YTD,11,Crime Type,ARSON,45,Monday,8,4,7,Night Shift (22:00-05:59),24,00:00-05:59,22,2025-01-01,2026-01-01
YTD,11,Crime Type,ASSAULT,1406,Sunday,246,19,81,Evening Shift (14:00-21:59),586,18:00-23:59,441,2025-01-01,2026-01-01
YTD,11,Crime Type,BURGLARY,368,Monday,61,12,35,Evening Shift (14:00-21:59),138,12:00-17:59,139,2025-01-01,2026-01-01
YTD,11,Crime Type,DAMAGE TO PROPERTY,856,Sunday,130,0,49,Evening Shift (14:00-21:59),306,18:00-23:59,240,2025-01-01,2026-01-01
YTD,11,Crime Type,DANGEROUS DRUGS,132,Tuesday,30,15,17,Evening Shift (14:00-21:59),79,12:00-17:59,63,2025-01-01,2026-01-01
YTD,11,Crime Type,DISORDERLY CONDUCT,25,Wednesday,8,2,5,Night Shift (22:00-05:59),12,00:00-05:59,11,2025-01-01,2026-01-01
YTD,11,Crime Type,EXTORTION,10,Friday,3,15,2,Evening Shift (14:00-21:59),5,18:00-23:59,4,2025-01-01,2026-01-01
YTD,11,Crime Type,FAMILY OFFENSE,69,Saturday,14,16,7,Evening Shift (14:00-21:59),34,12:00-17:59,29,2025-01-01,2026-01-01
YTD,11,Crime Type,FORGERY,7,Monday,3,14,2,Evening Shift (14:00-21:59),4,12:00-17:59,4,2025-01-01,2026-01-01
YTD,11,Crime Type,FRAUD,661,Wednesday,115,12,72,Day Shift (06:00-13:59),292,12:00-17:59,292,2025-01-01,2026-01-01
YTD,11,Crime Type,HEALTH AND SAFETY,15,Wednesday,6,0,4,Evening Shift (14:00-21:59),9,12:00-17:59,8,2025-01-01,2026-01-01
YTD,11,Crime Type,HOMICIDE,19,Sunday,6,20,4,Night Shift (22:00-05:59),11,18:00-23:59,11,2025-01-01,2026-01-01
YTD,11,Crime Type,INVASION OF PRIVACY -OTHER,12,Tuesday,3,22,2,Evening Shift (14:00-21:59),9,18:00-23:59,7,2025-01-01,2026-01-01
YTD,11,Crime Type,JUSTIFIABLE HOMICIDE,1,Wednesday,1,1,1,Night Shift (22:00-05:59),1,00:00-05:59,1,2025-01-01,2026-01-01
YTD,11,Crime Type,KIDNAPPING,20,Friday,4,17,3,Night Shift (22:00-05:59),8,18:00-23:59,7,2025-01-01,2026-01-01
YTD,11,Crime Type,LARCENY,734,Monday,118,12,57,Evening Shift (14:00-21:59),294,12:00-17:59,230,2025-01-01,2026-01-01
YTD,11,Crime Type,LIQUOR,2,Saturday,1,1,2,Night Shift (22:00-05:59),2,00:00-05:59,2,2025-01-01,2026-01-01
YTD,11,Crime Type,MISCELLANEOUS,5,Thursday,2,21,1,Evening Shift (14:00-21:59),3,18:00-23:59,2,2025-01-01,2026-01-01
YTD,11,Crime Type,OBSTRUCTING JUDICIARY,82,Friday,19,19,11,Evening Shift (14:00-21:59),39,12:00-17:59,24,2025-01-01,2026-01-01
YTD,11,Crime Type,OBSTRUCTING THE POLICE,150,Sunday,29,23,15,Evening Shift (14:00-21:59),61,18:00-23:59,52,2025-01-01,2026-01-01
YTD,11,Crime Type,OTHER,21,Tuesday,4,14,3,Evening Shift (14:00-21:59),9,12:00-17:59,9,2025-01-01,2026-01-01
YTD,11,Crime Type,OUIL,98,Monday,18,21,10,Evening Shift (14:00-21:59),48,18:00-23:59,38,2025-01-01,2026-01-01
YTD,11,Crime Type,ROBBERY,81,Monday,18,0,9,Evening Shift (14:00-21:59),33,00:00-05:59,27,2025-01-01,2026-01-01
YTD,11,Crime Type,RUNAWAY,61,Tuesday,11,20,6,Evening Shift (14:00-21:59),26,18:00-23:59,21,2025-01-01,2026-01-01
YTD,11,Crime Type,SEX OFFENSES,46,Friday,11,21,6,Evening Shift (14:00-21:59),25,12:00-17:59,18,2025-01-01,2026-01-01
YTD,11,Crime Type,SEXUAL ASSAULT,42,Monday,11,15,3,Night Shift (22:00-05:59),19,00:00-05:59,16,2025-01-01,2026-01-01
YTD,11,Crime Type,STOLEN PROPERTY,174,Wednesday,40,17,17,Day Shift (06:00-13:59),76,12:00-17:59,67,2025-01-01,2026-01-01
YTD,11,Crime Type,STOLEN VEHICLE,377,Sunday,63,23,33,Evening Shift (14:00-21:59),167,18:00-23:59,174,2025-01-01,2026-01-01
YTD,11,Crime Type,WEAPONS OFFENSES,162,Wednesday,31,23,20,Evening Shift (14:00-21:59),74,18:00-23:59,79,2025-01-01,2026-01-01
YTD,11,Category Focus,Gun-Related,136,Wednesday,27,22,15,Evening Shift (14:00-21:59),67,18:00-23:59,69,2025-01-01,2026-01-01
YTD,11,Category Focus,Property Crime,2509,Wednesday,388,12,157,Evening Shift (14:00-21:59),967,18:00-23:59,754,2025-01-01,2026-01-01
YTD,11,Category Focus,Larceny,734,Monday,118,12,57,Evening Shift (14:00-21:59),294,12:00-17:59,230,2025-01-01,2026-01-01
YTD,12,All,All,8438,Saturday,1265,12,540,Evening Shift (14:00-21:59),3221,12:00-17:59,2588,2025-01-01,2026-01-01
YTD,12,Crime Type,AGGRAVATED ASSAULT,736,Saturday,130,0,49,Night Shift (22:00-05:59),278,00:00-05:59,214,2025-01-01,2026-01-01
YTD,12,Crime Type,ARSON,41,Monday,8,3,7,Night Shift (22:00-05:59),27,00:00-05:59,25,2025-01-01,2026-01-01
YTD,12,Crime Type,ASSAULT,1614,Monday,272,12,97,Evening Shift (14:00-21:59),608,18:00-23:59,485,2025-01-01,2026-01-01
YTD,12,Crime Type,BURGLARY,548,Saturday,92,18,41,Evening Shift (14:00-21:59),222,12:00-17:59,181,2025-01-01,2026-01-01
YTD,12,Crime Type,DAMAGE TO PROPERTY,1150,Sunday,197,22,76,Night Shift (22:00-05:59),441,18:00-23:59,346,2025-01-01,2026-01-01
YTD,12,Crime Type,DANGEROUS DRUGS,58,Tuesday,13,14,7,Evening Shift (14:00-21:59),27,12:00-17:59,28,2025-01-01,2026-01-01
YTD,12,Crime Type,DISORDERLY CONDUCT,19,Tuesday,8,0,5,Night Shift (22:00-05:59),10,00:00-05:59,7,2025-01-01,2026-01-01
YTD,12,Crime Type,EXTORTION,8,Monday,3,12,2,Evening Shift (14:00-21:59),4,12:00-17:59,5,2025-01-01,2026-01-01
YTD,12,Crime Type,FAMILY OFFENSE,65,Monday,16,15,8,Evening Shift (14:00-21:59),32,12:00-17:59,27,2025-01-01,2026-01-01
YTD,12,Crime Type,FORGERY,12,Friday,3,14,3,Evening Shift (14:00-21:59),9,12:00-17:59,9,2025-01-01,2026-01-01
YTD,12,Crime Type,FRAUD,815,Wednesday,146,12,132,Day Shift (06:00-13:59),394,12:00-17:59,420,2025-01-01,2026-01-01
YTD,12,Crime Type,HEALTH AND SAFETY,8,Saturday,4,0,2,Night Shift (22:00-05:59),4,00:00-05:59,4,2025-01-01,2026-01-01
YTD,12,Crime Type,HOMICIDE,23,Saturday,5,19,4,Evening Shift (14:00-21:59),12,18:00-23:59,11,2025-01-01,2026-01-01
YTD,12,Crime Type,INVASION OF PRIVACY -OTHER,19,Sunday,4,12,3,Day Shift (06:00-13:59),8,12:00-17:59,8,2025-01-01,2026-01-01
YTD,12,Crime Type,JUSTIFIABLE HOMICIDE,2,Friday,1,19,1,Evening Shift (14:00-21:59),1,18:00-23:59,2,2025-01-01,2026-01-01
YTD,12,Crime Type,KIDNAPPING,11,Tuesday,3,12,2,Day Shift (06:00-13:59),4,18:00-23:59,6,2025-01-01,2026-01-01
YTD,12,Crime Type,LARCENY,1323,Sunday,280,12,96,Evening Shift (14:00-21:59),472,12:00-17:59,418,2025-01-01,2026-01-01
YTD,12,Crime Type,LIQUOR,10,Sunday,4,0,3,Night Shift (22:00-05:59),7,18:00-23:59,5,2025-01-01,2026-01-01
YTD,12,Crime Type,MISCELLANEOUS,5,Thursday,2,15,1,Evening Shift (14:00-21:59),3,12:00-17:59,4,2025-01-01,2026-01-01
YTD,12,Crime Type,OBSTRUCTING JUDICIARY,105,Thursday,16,12,12,Evening Shift (14:00-21:59),46,12:00-17:59,50,2025-01-01,2026-01-01
YTD,12,Crime Type,OBSTRUCTING THE POLICE,131,Saturday,27,21,15,Evening Shift (14:00-21:59),60,18:00-23:59,53,2025-01-01,2026-01-01
YTD,12,Crime Type,OTHER,25,Saturday,7,16,5,Evening Shift (14:00-21:59),13,12:00-17:59,11,2025-01-01,2026-01-01
YTD,12,Crime Type,OUIL,76,Sunday,16,21,14,Evening Shift (14:00-21:59),46,18:00-23:59,34,2025-01-01,2026-01-01
YTD,12,Crime Type,ROBBERY,93,Thursday,20,18,9,Evening Shift (14:00-21:59),41,18:00-23:59,33,2025-01-01,2026-01-01
YTD,12,Crime Type,RUNAWAY,111,Monday,20,14,13,Evening Shift (14:00-21:59),60,12:00-17:59,46,2025-01-01,2026-01-01
YTD,12,Crime Type,SEX OFFENSES,134,Friday,47,21,18,Evening Shift (14:00-21:59),72,18:00-23:59,67,2025-01-01,2026-01-01
YTD,12,Crime Type,SEXUAL ASSAULT,56,Thursday,11,0,6,Night Shift (22:00-05:59),26,18:00-23:59,18,2025-01-01,2026-01-01
YTD,12,Crime Type,SOLICITATION,9,Friday,9,22,3,Night Shift (22:00-05:59),6,18:00-23:59,7,2025-01-01,2026-01-01
YTD,12,Crime Type,STOLEN PROPERTY,189,Tuesday,42,16,15,Evening Shift (14:00-21:59),80,12:00-17:59,62,2025-01-01,2026-01-01
YTD,12,Crime Type,STOLEN VEHICLE,793,Monday,134,23,86,Night Shift (22:00-05:59),379,18:00-23:59,347,2025-01-01,2026-01-01
YTD,12,Crime Type,WEAPONS OFFENSES,249,Thursday,44,0,32,Evening Shift (14:00-21:59),110,18:00-23:59,104,2025-01-01,2026-01-01
YTD,12,Category Focus,Gun-Related,213,Thursday,39,0,29,Evening Shift (14:00-21:59),97,18:00-23:59,87,2025-01-01,2026-01-01
YTD,12,Category Focus,Property Crime,4003,Sunday,646,22,257,Evening Shift (14:00-21:59),1466,18:00-23:59,1251,2025-01-01,2026-01-01
YTD,12,Category Focus,Larceny,1323,Sunday,280,12,96,Evening Shift (14:00-21:59),472,12:00-17:59,418,2025-01-01,2026-01-01
YTD,HP,All,All,1,Saturday,1,21,1,Evening Shift (14:00-21:59),1,18:00-23:59,1,2025-01-01,2026-01-01
YTD,HP,Crime Type,STOLEN VEHICLE,1,Saturday,1,21,1,Evening Shift (14:00-21:59),1,18:00-23:59,1,2025-01-01,2026-01-01
YTD,HP,Category Focus,Property Crime,1,Saturday,1,21,1,Evening Shift (14:00-21:59),1,18:00-23:59,1,2025-01-01,2026-01-01
Recent 28D,ALL,All,All,5124,Saturday,803,15,308,Evening Shift (14:00-21:59),2103,12:00-17:59,1576,2025-12-05,2026-01-01
Recent 28D,ALL,Crime Type,AGGRAVATED ASSAULT,433,Sunday,78,16,35,Evening Shift (14:00-21:59),168,18:00-23:59,144,2025-12-05,2026-01-01
Recent 28D,ALL,Crime Type,ARSON,30,Thursday,7,3,5,Night Shift (22:00-05:59),16,00:00-05:59,13,2025-12-05,2026-01-01
Recent 28D,ALL,Crime Type,ASSAULT,1110,Saturday,182,21,71,Evening Shift (14:00-21:59),462,18:00-23:59,337,2025-12-05,2026-01-01
Recent 28D,ALL,Crime Type,BURGLARY,368,Wednesday,65,12,34,Evening Shift (14:00-21:59),145,12:00-17:59,139,2025-12-05,2026-01-01
Recent 28D,ALL,Crime Type,DAMAGE TO PROPERTY,648,Saturday,112,0,41,Night Shift (22:00-05:59),238,18:00-23:59,191,2025-12-05,2026-01-01
Recent 28D,ALL,Crime Type,DANGEROUS DRUGS,58,Tuesday,20,15,13,Evening Shift (14:00-21:59),26,12:00-17:59,30,2025-12-05,2026-01-01
Recent 28D,ALL,Crime Type,DISORDERLY CONDUCT,25,Sunday,7,15,3,Night Shift (22:00-05:59),13,00:00-05:59,11,2025-12-05,2026-01-01
Recent 28D,ALL,Crime Type,EXTORTION,2,Thursday,1,12,2,Day Shift (06:00-13:59),2,12:00-17:59,2,2025-12-05,2026-01-01
Recent 28D,ALL,Crime Type,FAMILY OFFENSE,49,Saturday,9,17,8,Evening Shift (14:00-21:59),25,12:00-17:59,17,2025-12-05,2026-01-01
Recent 28D,ALL,Crime Type,FORGERY,6,Friday,3,1,1,Evening Shift (14:00-21:59),3,18:00-23:59,2,2025-12-05,2026-01-01
Recent 28D,ALL,Crime Type,FRAUD,449,Friday,82,12,61,Day Shift (06:00-13:59),205,12:00-17:59,201,2025-12-05,2026-01-01
Recent 28D,ALL,Crime Type,HEALTH AND SAFETY,15,Sunday,7,23,3,Night Shift (22:00-05:59),7,18:00-23:59,11,2025-12-05,2026-01-01
Recent 28D,ALL,Crime Type,HOMICIDE,5,Thursday,2,19,1,Evening Shift (14:00-21:59),3,18:00-23:59,2,2025-12-05,2026-01-01
Recent 28D,ALL,Crime Type,INVASION OF PRIVACY -OTHER,35,Wednesday,8,8,4,Evening Shift (14:00-21:59),15,18:00-23:59,13,2025-12-05,2026-01-01
Recent 28D,ALL,Crime Type,JUSTIFIABLE HOMICIDE,2,Wednesday,1,0,1,Night Shift (22:00-05:59),2,00:00-05:59,1,2025-12-05,2026-01-01
Recent 28D,ALL,Crime Type,KIDNAPPING,14,Tuesday,3,16,4,Evening Shift (14:00-21:59),5,12:00-17:59,8,2025-12-05,2026-01-01
Recent 28D,ALL,Crime Type,LARCENY,805,Saturday,141,12,61,Evening Shift (14:00-21:59),346,12:00-17:59,281,2025-12-05,2026-01-01
Recent 28D,ALL,Crime Type,LIQUOR,3,Tuesday,1,6,1,Day Shift (06:00-13:59),1,18:00-23:59,2,2025-12-05,2026-01-01
Recent 28D,ALL,Crime Type,MISCELLANEOUS,4,Sunday,2,12,2,Day Shift (06:00-13:59),2,12:00-17:59,3,2025-12-05,2026-01-01
Recent 28D,ALL,Crime Type,OBSTRUCTING JUDICIARY,90,Friday,23,18,11,Evening Shift (14:00-21:59),41,12:00-17:59,33,2025-12-05,2026-01-01
Recent 28D,ALL,Crime Type,OBSTRUCTING THE POLICE,110,Sunday,24,21,16,Evening Shift (14:00-21:59),57,18:00-23:59,55,2025-12-05,2026-01-01
Recent 28D,ALL,Crime Type,OUIL,34,Saturday,10,0,6,Evening Shift (14:00-21:59),16,18:00-23:59,10,2025-12-05,2026-01-01
Recent 28D,ALL,Crime Type,ROBBERY,61,Monday,11,0,7,Night Shift (22:00-05:59),30,00:00-05:59,22,2025-12-05,2026-01-01
Recent 28D,ALL,Crime Type,RUNAWAY,43,Thursday,11,16,7,Evening Shift (14:00-21:59),24,12:00-17:59,17,2025-12-05,2026-01-01
Recent 28D,ALL,Crime Type,SEX OFFENSES,30,Tuesday,7,12,3,Evening Shift (14:00-21:59),15,12:00-17:59,12,2025-12-05,2026-01-01
Recent 28D,ALL,Crime Type,SEXUAL ASSAULT,27,Saturday,7,17,4,Day Shift (06:00-13:59),12,06:00-11:59,10,2025-12-05,2026-01-01
Recent 28D,ALL,Crime Type,SOLICITATION,3,Tuesday,2,21,1,Evening Shift (14:00-21:59),3,12:00-17:59,2,2025-12-05,2026-01-01
Recent 28D,ALL,Crime Type,STOLEN PROPERTY,141,Friday,27,10,11,Evening Shift (14:00-21:59),52,18:00-23:59,42,2025-12-05,2026-01-01
Recent 28D,ALL,Crime Type,STOLEN VEHICLE,370,Monday,67,20,32,Evening Shift (14:00-21:59),149,18:00-23:59,143,2025-12-05,2026-01-01
Recent 28D,ALL,Crime Type,WEAPONS OFFENSES,154,Sunday,30,23,23,Evening Shift (14:00-21:59),72,18:00-23:59,81,2025-12-05,2026-01-01
Recent 28D,ALL,Category Focus,Gun-Related,154,Sunday,30,23,23,Evening Shift (14:00-21:59),72,18:00-23:59,81,2025-12-05,2026-01-01
Recent 28D,ALL,Category Focus,Property Crime,2332,Monday,379,12,142,Evening Shift (14:00-21:59),926,12:00-17:59,701,2025-12-05,2026-01-01
Recent 28D,ALL,Category Focus,Larceny,805,Saturday,141,12,61,Evening Shift (14:00-21:59),346,12:00-17:59,281,2025-12-05,2026-01-01
Recent 28D,02,All,All,449,Monday,72,21,33,Evening Shift (14:00-21:59),187,12:00-17:59,140,2025-12-05,2026-01-01
Recent 28D,02,Crime Type,AGGRAVATED ASSAULT,47,Thursday,10,22,6,Evening Shift (14:00-21:59),21,18:00-23:59,19,2025-12-05,2026-01-01
Recent 28D,02,Crime Type,ARSON,2,Saturday,1,13,1,Day Shift (06:00-13:59),1,12:00-17:59,1,2025-12-05,2026-01-01
Recent 28D,02,Crime Type,ASSAULT,113,Wednesday,24,17,10,Evening Shift (14:00-21:59),47,12:00-17:59,37,2025-12-05,2026-01-01
Recent 28D,02,Crime Type,BURGLARY,31,Monday,9,14,3,Evening Shift (14:00-21:59),14,12:00-17:59,13,2025-12-05,2026-01-01
Recent 28D,02,Crime Type,DAMAGE TO PROPERTY,48,Monday,9,0,5,Night Shift (22:00-05:59),18,00:00-05:59,16,2025-12-05,2026-01-01
Recent 28D,02,Crime Type,DANGEROUS DRUGS,5,Friday,1,13,2,Night Shift (22:00-05:59),3,12:00-17:59,2,2025-12-05,2026-01-01
Recent 28D,02,Crime Type,DISORDERLY CONDUCT,3,Thursday,1,15,1,Evening Shift (14:00-21:59),2,12:00-17:59,2,2025-12-05,2026-01-01
Recent 28D,02,Crime Type,FAMILY OFFENSE,3,Saturday,1,18,1,Evening Shift (14:00-21:59),2,18:00-23:59,1,2025-12-05,2026-01-01
Recent 28D,02,Crime Type,FORGERY,1,Saturday,1,18,1,Evening Shift (14:00-21:59),1,18:00-23:59,1,2025-12-05,2026-01-01
Recent 28D,02,Crime Type,FRAUD,29,Sunday,9,0,5,Day Shift (06:00-13:59),14,06:00-11:59,10,2025-12-05,2026-01-01
Recent 28D,02,Crime Type,HEALTH AND SAFETY,2,Sunday,1,23,1,Night Shift (22:00-05:59),1,18:00-23:59,1,2025-12-05,2026-01-01
Recent 28D,02,Crime Type,HOMICIDE,2,Wednesday,1,14,1,Evening Shift (14:00-21:59),1,12:00-17:59,1,2025-12-05,2026-01-01
Recent 28D,02,Crime Type,INVASION OF PRIVACY -OTHER,2,Thursday,2,9,1,Day Shift (06:00-13:59),1,06:00-11:59,1,2025-12-05,2026-01-01
Recent 28D,02,Crime Type,JUSTIFIABLE HOMICIDE,1,Thursday,1,22,1,Night Shift (22:00-05:59),1,18:00-23:59,1,2025-12-05,2026-01-01
Recent 28D,02,Crime Type,KIDNAPPING,1,Monday,1,16,1,Evening Shift (14:00-21:59),1,12:00-17:59,1,2025-12-05,2026-01-01
Recent 28D,02,Crime Type,LARCENY,59,Friday,13,15,7,Evening Shift (14:00-21:59),28,12:00-17:59,22,2025-12-05,2026-01-01
Recent 28D,02,Crime Type,OBSTRUCTING JUDICIARY,11,Friday,3,22,2,Day Shift (06:00-13:59),5,12:00-17:59,5,2025-12-05,2026-01-01
Recent 28D,02,Crime Type,OBSTRUCTING THE POLICE,9,Thursday,3,21,4,Evening Shift (14:00-21:59),8,18:00-23:59,5,2025-12-05,2026-01-01
Recent 28D,02,Crime Type,OUIL,2,Friday,2,9,2,Day Shift (06:00-13:59),2,06:00-11:59,2,2025-12-05,2026-01-01
Recent 28D,02,Crime Type,ROBBERY,3,Wednesday,2,21,2,Evening Shift (14:00-21:59),2,18:00-23:59,2,2025-12-05,2026-01-01
Recent 28D,02,Crime Type,RUNAWAY,4,Monday,2,9,1,Day Shift (06:00-13:59),2,12:00-17:59,2,2025-12-05,2026-01-01
Recent 28D,02,Crime Type,SEX OFFENSES,4,Tuesday,3,10,1,Evening Shift (14:00-21:59),3,12:00-17:59,2,2025-12-05,2026-01-01
Recent 28D,02,Crime Type,SOLICITATION,2,Tuesday,2,16,1,Evening Shift (14:00-21:59),2,12:00-17:59,2,2025-12-05,2026-01-01
Recent 28D,02,Crime Type,STOLEN PROPERTY,15,Friday,3,21,3,Evening Shift (14:00-21:59),9,18:00-23:59,6,2025-12-05,2026-01-01
Recent 28D,02,Crime Type,STOLEN VEHICLE,35,Friday,8,1,4,Night Shift (22:00-05:59),16,00:00-05:59,10,2025-12-05,2026-01-01
Recent 28D,02,Crime Type,WEAPONS OFFENSES,15,Sunday,4,23,4,Night Shift (22:00-05:59),7,18:00-23:59,10,2025-12-05,2026-01-01
Recent 28D,02,Category Focus,Gun-Related,15,Sunday,4,23,4,Night Shift (22:00-05:59),7,18:00-23:59,10,2025-12-05,2026-01-01
Recent 28D,02,Category Focus,Property Crime,188,Monday,38,15,16,Evening Shift (14:00-21:59),74,12:00-17:59,58,2025-12-05,2026-01-01
Recent 28D,02,Category Focus,Larceny,59,Friday,13,15,7,Evening Shift (14:00-21:59),28,12:00-17:59,22,2025-12-05,2026-01-01
Recent 28D,03,All,All,630,Sunday,109,0,59,Evening Shift (14:00-21:59),255,12:00-17:59,196,2025-12-05,2026-01-01
Recent 28D,03,Crime Type,AGGRAVATED ASSAULT,33,Saturday,6,0,7,Evening Shift (14:00-21:59),14,12:00-17:59,12,2025-12-05,2026-01-01
Recent 28D,03,Crime Type,ASSAULT,115,Sunday,25,15,10,Evening Shift (14:00-21:59),47,18:00-23:59,37,2025-12-05,2026-01-01
Recent 28D,03,Crime Type,BURGLARY,32,Friday,7,17,5,Evening Shift (14:00-21:59),13,12:00-17:59,11,2025-12-05,2026-01-01
Recent 28D,03,Crime Type,DAMAGE TO PROPERTY,88,Saturday,22,0,10,Evening Shift (14:00-21:59),32,12:00-17:59,28,2025-12-05,2026-01-01
Recent 28D,03,Crime Type,DANGEROUS DRUGS,1,Monday,1,1,1,Night Shift (22:00-05:59),1,00:00-05:59,1,2025-12-05,2026-01-01
Recent 28D,03,Crime Type,DISORDERLY CONDUCT,9,Friday,4,15,2,Night Shift (22:00-05:59),5,18:00-23:59,4,2025-12-05,2026-01-01
Recent 28D,03,Crime Type,FAMILY OFFENSE,1,Wednesday,1,18,1,Evening Shift (14:00-21:59),1,18:00-23:59,1,2025-12-05,2026-01-01
Recent 28D,03,Crime Type,FORGERY,1,Friday,1,12,1,Day Shift (06:00-13:59),1,12:00-17:59,1,2025-12-05,2026-01-01
Recent 28D,03,Crime Type,FRAUD,60,Wednesday,12,13,7,Evening Shift (14:00-21:59),25,12:00-17:59,29,2025-12-05,2026-01-01
Recent 28D,03,Crime Type,HOMICIDE,1,Wednesday,1,0,1,Night Shift (22:00-05:59),1,00:00-05:59,1,2025-12-05,2026-01-01
Recent 28D,03,Crime Type,INVASION OF PRIVACY -OTHER,18,Tuesday,4,8,3,Day Shift (06:00-13:59),8,06:00-11:59,8,2025-12-05,2026-01-01
Recent 28D,03,Crime Type,JUSTIFIABLE HOMICIDE,1,Wednesday,1,0,1,Night Shift (22:00-05:59),1,00:00-05:59,1,2025-12-05,2026-01-01
Recent 28D,03,Crime Type,KIDNAPPING,1,Wednesday,1,10,1,Day Shift (06:00-13:59),1,06:00-11:59,1,2025-12-05,2026-01-01
Recent 28D,03,Crime Type,LARCENY,154,Monday,32,0,16,Evening Shift (14:00-21:59),65,18:00-23:59,48,2025-12-05,2026-01-01
Recent 28D,03,Crime Type,LIQUOR,1,Tuesday,1,6,1,Day Shift (06:00-13:59),1,06:00-11:59,1,2025-12-05,2026-01-01
Recent 28D,03,Crime Type,MISCELLANEOUS,1,Wednesday,1,12,1,Day Shift (06:00-13:59),1,12:00-17:59,1,2025-12-05,2026-01-01
Recent 28D,03,Crime Type,OBSTRUCTING JUDICIARY,8,Thursday,2,18,3,Evening Shift (14:00-21:59),4,18:00-23:59,3,2025-12-05,2026-01-01
Recent 28D,03,Crime Type,OBSTRUCTING THE POLICE,13,Thursday,4,2,2,Night Shift (22:00-05:59),9,18:00-23:59,7,2025-12-05,2026-01-01
Recent 28D,03,Crime Type,OUIL,12,Monday,4,10,4,Day Shift (06:00-13:59),6,06:00-11:59,6,2025-12-05,2026-01-01
Recent 28D,03,Crime Type,ROBBERY,9,Monday,3,0,3,Night Shift (22:00-05:59),6,18:00-23:59,4,2025-12-05,2026-01-01
Recent 28D,03,Crime Type,RUNAWAY,2,Thursday,1,16,1,Evening Shift (14:00-21:59),2,12:00-17:59,1,2025-12-05,2026-01-01
Recent 28D,03,Crime Type,SEX OFFENSES,9,Tuesday,4,12,3,Evening Shift (14:00-21:59),4,12:00-17:59,5,2025-12-05,2026-01-01
Recent 28D,03,Crime Type,SEXUAL ASSAULT,2,Saturday,2,0,1,Night Shift (22:00-05:59),1,00:00-05:59,1,2025-12-05,2026-01-01
Recent 28D,03,Crime Type,STOLEN PROPERTY,7,Sunday,3,20,1,Evening Shift (14:00-21:59),3,18:00-23:59,2,2025-12-05,2026-01-01
Recent 28D,03,Crime Type,STOLEN VEHICLE,39,Saturday,11,20,5,Evening Shift (14:00-21:59),21,18:00-23:59,15,2025-12-05,2026-01-01
Recent 28D,03,Crime Type,WEAPONS OFFENSES,12,Sunday,5,23,2,Night Shift (22:00-05:59),6,18:00-23:59,5,2025-12-05,2026-01-01
Recent 28D,03,Category Focus,Gun-Related,12,Sunday,5,23,2,Night Shift (22:00-05:59),6,18:00-23:59,5,2025-12-05,2026-01-01
Recent 28D,03,Category Focus,Property Crime,320,Saturday,65,0,29,Evening Shift (14:00-21:59),134,12:00-17:59,103,2025-12-05,2026-01-01
Recent 28D,03,Category Focus,Larceny,154,Monday,32,0,16,Evening Shift (14:00-21:59),65,18:00-23:59,48,2025-12-05,2026-01-01
Recent 28D,04,All,All,279,Sunday,48,16,19,Evening Shift (14:00-21:59),118,18:00-23:59,87,2025-12-05,2026-01-01
Recent 28D,04,Crime Type,AGGRAVATED ASSAULT,24,Sunday,7,2,2,Night Shift (22:00-05:59),11,00:00-05:59,9,2025-12-05,2026-01-01
Recent 28D,04,Crime Type,ARSON,2,Sunday,1,3,1,Night Shift (22:00-05:59),1,00:00-05:59,1,2025-12-05,2026-01-01
Recent 28D,04,Crime Type,ASSAULT,61,Saturday,14,15,6,Evening Shift (14:00-21:59),30,18:00-23:59,23,2025-12-05,2026-01-01
Recent 28D,04,Crime Type,BURGLARY,18,Thursday,4,1,2,Evening Shift (14:00-21:59),8,00:00-05:59,6,2025-12-05,2026-01-01
Recent 28D,04,Crime Type,DAMAGE TO PROPERTY,27,Tuesday,5,23,4,Night Shift (22:00-05:59),14,00:00-05:59,10,2025-12-05,2026-01-01
Recent 28D,04,Crime Type,DANGEROUS DRUGS,11,Thursday,3,16,3,Night Shift (22:00-05:59),5,12:00-17:59,4,2025-12-05,2026-01-01
Recent 28D,04,Crime Type,DISORDERLY CONDUCT,2,Sunday,1,2,1,Night Shift (22:00-05:59),2,00:00-05:59,2,2025-12-05,2026-01-01
Recent 28D,04,Crime Type,FAMILY OFFENSE,4,Tuesday,1,17,2,Evening Shift (14:00-21:59),3,12:00-17:59,2,2025-12-05,2026-01-01
Recent 28D,04,Crime Type,FRAUD,28,Tuesday,6,12,5,Day Shift (06:00-13:59),17,12:00-17:59,14,2025-12-05,2026-01-01
Recent 28D,04,Crime Type,KIDNAPPING,3,Tuesday,1,0,1,Night Shift (22:00-05:59),1,00:00-05:59,1,2025-12-05,2026-01-01
Recent 28D,04,Crime Type,LARCENY,38,Wednesday,8,19,5,Evening Shift (14:00-21:59),18,18:00-23:59,15,2025-12-05,2026-01-01
Recent 28D,04,Crime Type,OBSTRUCTING JUDICIARY,3,Friday,1,13,1,Evening Shift (14:00-21:59),2,12:00-17:59,2,2025-12-05,2026-01-01
Recent 28D,04,Crime Type,OBSTRUCTING THE POLICE,7,Friday,3,2,2,Evening Shift (14:00-21:59),3,12:00-17:59,2,2025-12-05,2026-01-01
Recent 28D,04,Crime Type,OUIL,2,Saturday,2,20,2,Evening Shift (14:00-21:59),2,18:00-23:59,2,2025-12-05,2026-01-01
Recent 28D,04,Crime Type,ROBBERY,6,Saturday,2,3,2,Night Shift (22:00-05:59),4,00:00-05:59,4,2025-12-05,2026-01-01
Recent 28D,04,Crime Type,SEXUAL ASSAULT,1,Saturday,1,18,1,Evening Shift (14:00-21:59),1,18:00-23:59,1,2025-12-05,2026-01-01
Recent 28D,04,Crime Type,STOLEN PROPERTY,8,Tuesday,3,2,1,Day Shift (06:00-13:59),4,12:00-17:59,3,2025-12-05,2026-01-01
Recent 28D,04,Crime Type,STOLEN VEHICLE,24,Monday,7,8,3,Evening Shift (14:00-21:59),9,18:00-23:59,7,2025-12-05,2026-01-01
Recent 28D,04,Crime Type,WEAPONS OFFENSES,10,Wednesday,3,22,2,Night Shift (22:00-05:59),5,18:00-23:59,5,2025-12-05,2026-01-01
Recent 28D,04,Category Focus,Gun-Related,10,Wednesday,3,22,2,Night Shift (22:00-05:59),5,18:00-23:59,5,2025-12-05,2026-01-01
Recent 28D,04,Category Focus,Property Crime,115,Tuesday,21,0,9,Evening Shift (14:00-21:59),48,18:00-23:59,37,2025-12-05,2026-01-01
Recent 28D,04,Category Focus,Larceny,38,Wednesday,8,19,5,Evening Shift (14:00-21:59),18,18:00-23:59,15,2025-12-05,2026-01-01
Recent 28D,05,All,All,400,Sunday,78,15,28,Evening Shift (14:00-21:59),182,12:00-17:59,148,2025-12-05,2026-01-01
Recent 28D,05,Crime Type,AGGRAVATED ASSAULT,35,Sunday,8,22,5,Night Shift (22:00-05:59),15,18:00-23:59,11,2025-12-05,2026-01-01
Recent 28D,05,Crime Type,ARSON,2,Thursday,1,12,1,Day Shift (06:00-13:59),2,12:00-17:59,1,2025-12-05,2026-01-01
Recent 28D,05,Crime Type,ASSAULT,82,Sunday,19,17,8,Evening Shift (14:00-21:59),42,12:00-17:59,31,2025-12-05,2026-01-01
Recent 28D,05,Crime Type,BURGLARY,33,Wednesday,9,15,4,Day Shift (06:00-13:59),15,12:00-17:59,12,2025-12-05,2026-01-01
Recent 28D,05,Crime Type,DAMAGE TO PROPERTY,44,Sunday,10,9,4,Day Shift (06:00-13:59),17,18:00-23:59,12,2025-12-05,2026-01-01
Recent 28D,05,Crime Type,DANGEROUS DRUGS,1,Friday,1,13,1,Day Shift (06:00-13:59),1,12:00-17:59,1,2025-12-05,2026-01-01
Recent 28D,05,Crime Type,DISORDERLY CONDUCT,1,Sunday,1,19,1,Evening Shift (14:00-21:59),1,18:00-23:59,1,2025-12-05,2026-01-01
Recent 28D,05,Crime Type,FAMILY OFFENSE,5,Wednesday,2,8,1,Day Shift (06:00-13:59),3,06:00-11:59,2,2025-12-05,2026-01-01
Recent 28D,05,Crime Type,FORGERY,1,Friday,1,6,1,Day Shift (06:00-13:59),1,06:00-11:59,1,2025-12-05,2026-01-01
Recent 28D,05,Crime Type,FRAUD,60,Wednesday,10,12,8,Day Shift (06:00-13:59),33,12:00-17:59,27,2025-12-05,2026-01-01
Recent 28D,05,Crime Type,INVASION OF PRIVACY -OTHER,1,Monday,1,17,1,Evening Shift (14:00-21:59),1,12:00-17:59,1,2025-12-05,2026-01-01
Recent 28D,05,Crime Type,KIDNAPPING,1,Wednesday,1,23,1,Night Shift (22:00-05:59),1,18:00-23:59,1,2025-12-05,2026-01-01
Recent 28D,05,Crime Type,LARCENY,45,Thursday,10,15,5,Evening Shift (14:00-21:59),23,12:00-17:59,17,2025-12-05,2026-01-01
Recent 28D,05,Crime Type,MISCELLANEOUS,1,Saturday,1,1,1,Night Shift (22:00-05:59),1,00:00-05:59,1,2025-12-05,2026-01-01
Recent 28D,05,Crime Type,OBSTRUCTING JUDICIARY,2,Sunday,1,17,1,Evening Shift (14:00-21:59),1,12:00-17:59,1,2025-12-05,2026-01-01
Recent 28D,05,Crime Type,OBSTRUCTING THE POLICE,10,Sunday,3,21,2,Evening Shift (14:00-21:59),7,18:00-23:59,4,2025-12-05,2026-01-01
Recent 28D,05,Crime Type,OUIL,4,Monday,2,0,2,Night Shift (22:00-05:59),2,00:00-05:59,2,2025-12-05,2026-01-01
Recent 28D,05,Crime Type,ROBBERY,7,Sunday,2,23,2,Night Shift (22:00-05:59),3,18:00-23:59,4,2025-12-05,2026-01-01
Recent 28D,05,Crime Type,RUNAWAY,3,Sunday,2,20,2,Evening Shift (14:00-21:59),3,18:00-23:59,2,2025-12-05,2026-01-01
Recent 28D,05,Crime Type,SEX OFFENSES,5,Friday,2,21,1,Evening Shift (14:00-21:59),4,18:00-23:59,2,2025-12-05,2026-01-01
Recent 28D,05,Crime Type,SEXUAL ASSAULT,2,Thursday,1,1,1,Night Shift (22:00-05:59),1,00:00-05:59,1,2025-12-05,2026-01-01
Recent 28D,05,Crime Type,STOLEN PROPERTY,12,Sunday,5,0,2,Night Shift (22:00-05:59),5,12:00-17:59,5,2025-12-05,2026-01-01
Recent 28D,05,Crime Type,STOLEN VEHICLE,29,Monday,7,18,4,Evening Shift (14:00-21:59),16,18:00-23:59,12,2025-12-05,2026-01-01
Recent 28D,05,Crime Type,WEAPONS OFFENSES,14,Saturday,3,14,3,Evening Shift (14:00-21:59),10,12:00-17:59,7,2025-12-05,2026-01-01
Recent 28D,05,Category Focus,Gun-Related,14,Saturday,3,14,3,Evening Shift (14:00-21:59),10,12:00-17:59,7,2025-12-05,2026-01-01
Recent 28D,05,Category Focus,Property Crime,163,Sunday,30,15,14,Evening Shift (14:00-21:59),72,12:00-17:59,55,2025-12-05,2026-01-01
Recent 28D,05,Category Focus,Larceny,45,Thursday,10,15,5,Evening Shift (14:00-21:59),23,12:00-17:59,17,2025-12-05,2026-01-01
Recent 28D,06,All,All,494,Saturday,80,12,43,Evening Shift (14:00-21:59),203,12:00-17:59,166,2025-12-05,2026-01-01
Recent 28D,06,Crime Type,AGGRAVATED ASSAULT,43,Monday,8,16,8,Evening Shift (14:00-21:59),22,12:00-17:59,17,2025-12-05,2026-01-01
Recent 28D,06,Crime Type,ARSON,3,Saturday,1,3,1,Evening Shift (14:00-21:59),2,00:00-05:59,1,2025-12-05,2026-01-01
Recent 28D,06,Crime Type,ASSAULT,122,Saturday,24,12,13,Evening Shift (14:00-21:59),53,18:00-23:59,41,2025-12-05,2026-01-01
Recent 28D,06,Crime Type,BURGLARY,43,Monday,9,12,6,Evening Shift (14:00-21:59),16,12:00-17:59,16,2025-12-05,2026-01-01
Recent 28D,06,Crime Type,DAMAGE TO PROPERTY,66,Monday,15,10,7,Night Shift (22:00-05:59),28,00:00-05:59,20,2025-12-05,2026-01-01
Recent 28D,06,Crime Type,DANGEROUS DRUGS,4,Wednesday,1,15,1,Day Shift (06:00-13:59),2,06:00-11:59,2,2025-12-05,2026-01-01
Recent 28D,06,Crime Type,DISORDERLY CONDUCT,1,Sunday,1,4,1,Night Shift (22:00-05:59),1,00:00-05:59,1,2025-12-05,2026-01-01
Recent 28D,06,Crime Type,FAMILY OFFENSE,5,Tuesday,2,19,1,Evening Shift (14:00-21:59),2,06:00-11:59,2,2025-12-05,2026-01-01
Recent 28D,06,Crime Type,FRAUD,37,Tuesday,8,12,6,Evening Shift (14:00-21:59),18,12:00-17:59,18,2025-12-05,2026-01-01
Recent 28D,06,Crime Type,HEALTH AND SAFETY,3,Thursday,2,23,1,Evening Shift (14:00-21:59),2,18:00-23:59,3,2025-12-05,2026-01-01
Recent 28D,06,Crime Type,INVASION OF PRIVACY -OTHER,2,Tuesday,2,8,1,Day Shift (06:00-13:59),2,06:00-11:59,2,2025-12-05,2026-01-01
Recent 28D,06,Crime Type,KIDNAPPING,2,Saturday,2,12,1,Day Shift (06:00-13:59),1,12:00-17:59,2,2025-12-05,2026-01-01
Recent 28D,06,Crime Type,LARCENY,73,Wednesday,14,17,8,Evening Shift (14:00-21:59),37,12:00-17:59,32,2025-12-05,2026-01-01
Recent 28D,06,Crime Type,OBSTRUCTING JUDICIARY,8,Thursday,3,10,2,Day Shift (06:00-13:59),5,12:00-17:59,4,2025-12-05,2026-01-01
Recent 28D,06,Crime Type,OBSTRUCTING THE POLICE,14,Tuesday,4,20,3,Evening Shift (14:00-21:59),7,18:00-23:59,6,2025-12-05,2026-01-01
Recent 28D,06,Crime Type,ROBBERY,5,Sunday,2,9,1,Day Shift (06:00-13:59),3,12:00-17:59,2,2025-12-05,2026-01-01
Recent 28D,06,Crime Type,RUNAWAY,4,Tuesday,1,4,1,Night Shift (22:00-05:59),2,00:00-05:59,2,2025-12-05,2026-01-01
Recent 28D,06,Crime Type,SEXUAL ASSAULT,6,Saturday,3,8,2,Day Shift (06:00-13:59),5,06:00-11:59,4,2025-12-05,2026-01-01
Recent 28D,06,Crime Type,STOLEN PROPERTY,17,Thursday,4,8,3,Night Shift (22:00-05:59),6,18:00-23:59,5,2025-12-05,2026-01-01
Recent 28D,06,Crime Type,STOLEN VEHICLE,24,Tuesday,5,23,4,Night Shift (22:00-05:59),12,18:00-23:59,9,2025-12-05,2026-01-01
Recent 28D,06,Crime Type,WEAPONS OFFENSES,12,Thursday,6,23,2,Evening Shift (14:00-21:59),6,18:00-23:59,7,2025-12-05,2026-01-01
Recent 28D,06,Category Focus,Gun-Related,12,Thursday,6,23,2,Evening Shift (14:00-21:59),6,18:00-23:59,7,2025-12-05,2026-01-01
Recent 28D,06,Category Focus,Property Crime,223,Monday,43,12,19,Evening Shift (14:00-21:59),85,12:00-17:59,72,2025-12-05,2026-01-01
Recent 28D,06,Category Focus,Larceny,73,Wednesday,14,17,8,Evening Shift (14:00-21:59),37,12:00-17:59,32,2025-12-05,2026-01-01
Recent 28D,07,All,All,313,Saturday,65,20,24,Evening Shift (14:00-21:59),137,18:00-23:59,105,2025-12-05,2026-01-01
Recent 28D,07,Crime Type,AGGRAVATED ASSAULT,12,Tuesday,6,21,3,Evening Shift (14:00-21:59),8,18:00-23:59,5,2025-12-05,2026-01-01
Recent 28D,07,Crime Type,ASSAULT,70,Thursday,14,19,7,Evening Shift (14:00-21:59),30,18:00-23:59,25,2025-12-05,2026-01-01
Recent 28D,07,Crime Type,BURGLARY,13,Monday,6,0,3,Night Shift (22:00-05:59),5,12:00-17:59,4,2025-12-05,2026-01-01
Recent 28D,07,Crime Type,DAMAGE TO PROPERTY,43,Saturday,13,23,5,Evening Shift (14:00-21:59),15,18:00-23:59,14,2025-12-05,2026-01-01
Recent 28D,07,Crime Type,DANGEROUS DRUGS,6,Tuesday,2,4,1,Day Shift (06:00-13:59),3,12:00-17:59,2,2025-12-05,2026-01-01
Recent 28D,07,Crime Type,DISORDERLY CONDUCT,3,Sunday,1,3,1,Evening Shift (14:00-21:59),2,18:00-23:59,2,2025-12-05,2026-01-01
Recent 28D,07,Crime Type,FAMILY OFFENSE,1,Monday,1,10,1,Day Shift (06:00-13:59),1,06:00-11:59,1,2025-12-05,2026-01-01
Recent 28D,07,Crime Type,FORGERY,2,Friday,1,1,1,Night Shift (22:00-05:59),1,00:00-05:59,1,2025-12-05,2026-01-01
Recent 28D,07,Crime Type,FRAUD,32,Monday,7,12,5,Evening Shift (14:00-21:59),15,12:00-17:59,17,2025-12-05,2026-01-01
Recent 28D,07,Crime Type,INVASION OF PRIVACY -OTHER,4,Wednesday,2,18,2,Evening Shift (14:00-21:59),3,18:00-23:59,4,2025-12-05,2026-01-01
Recent 28D,07,Crime Type,LARCENY,74,Saturday,17,12,10,Evening Shift (14:00-21:59),31,12:00-17:59,29,2025-12-05,2026-01-01
Recent 28D,07,Crime Type,OBSTRUCTING JUDICIARY,3,Friday,2,9,1,Day Shift (06:00-13:59),2,06:00-11:59,2,2025-12-05,2026-01-01
Recent 28D,07,Crime Type,OBSTRUCTING THE POLICE,5,Saturday,3,21,2,Evening Shift (14:00-21:59),4,18:00-23:59,3,2025-12-05,2026-01-01
Recent 28D,07,Crime Type,OUIL,2,Saturday,2,5,2,Night Shift (22:00-05:59),2,00:00-05:59,2,2025-12-05,2026-01-01
Recent 28D,07,Crime Type,ROBBERY,5,Friday,2,18,1,Evening Shift (14:00-21:59),3,12:00-17:59,2,2025-12-05,2026-01-01
Recent 28D,07,Crime Type,RUNAWAY,3,Saturday,2,8,1,Day Shift (06:00-13:59),2,06:00-11:59,1,2025-12-05,2026-01-01
Recent 28D,07,Crime Type,SEXUAL ASSAULT,2,Wednesday,2,17,2,Evening Shift (14:00-21:59),2,12:00-17:59,2,2025-12-05,2026-01-01
Recent 28D,07,Crime Type,STOLEN PROPERTY,3,Friday,2,10,1,Day Shift (06:00-13:59),2,06:00-11:59,2,2025-12-05,2026-01-01
Recent 28D,07,Crime Type,STOLEN VEHICLE,25,Monday,7,23,3,Evening Shift (14:00-21:59),12,18:00-23:59,13,2025-12-05,2026-01-01
Recent 28D,07,Crime Type,WEAPONS OFFENSES,5,Friday,3,20,1,Evening Shift (14:00-21:59),3,18:00-23:59,2,2025-12-05,2026-01-01
Recent 28D,07,Category Focus,Gun-Related,5,Friday,3,20,1,Evening Shift (14:00-21:59),3,18:00-23:59,2,2025-12-05,2026-01-01
Recent 28D,07,Category Focus,Property Crime,158,Saturday,35,20,15,Evening Shift (14:00-21:59),63,18:00-23:59,53,2025-12-05,2026-01-01
Recent 28D,07,Category Focus,Larceny,74,Saturday,17,12,10,Evening Shift (14:00-21:59),31,12:00-17:59,29,2025-12-05,2026-01-01
Recent 28D,08,All,All,629,Monday,102,20,41,Evening Shift (14:00-21:59),260,18:00-23:59,208,2025-12-05,2026-01-01
Recent 28D,08,Crime Type,AGGRAVATED ASSAULT,58,Monday,13,3,6,Evening Shift (14:00-21:59),23,18:00-23:59,21,2025-12-05,2026-01-01
Recent 28D,08,Crime Type,ARSON,3,Saturday,1,22,1,Night Shift (22:00-05:59),3,00:00-05:59,2,2025-12-05,2026-01-01
Recent 28D,08,Crime Type,ASSAULT,134,Friday,24,1,11,Evening Shift (14:00-21:59),49,12:00-17:59,36,2025-12-05,2026-01-01
Recent 28D,08,Crime Type,BURGLARY,52,Tuesday,10,17,6,Evening Shift (14:00-21:59),26,12:00-17:59,25,2025-12-05,2026-01-01
Recent 28D,08,Crime Type,DAMAGE TO PROPERTY,79,Monday,18,21,8,Evening Shift (14:00-21:59),32,18:00-23:59,27,2025-12-05,2026-01-01
Recent 28D,08,Crime Type,DANGEROUS DRUGS,3,Thursday,1,14,1,Evening Shift (14:00-21:59),3,12:00-17:59,3,2025-12-05,2026-01-01
Recent 28D,08,Crime Type,DISORDERLY CONDUCT,1,Sunday,1,4,1,Night Shift (22:00-05:59),1,00:00-05:59,1,2025-12-05,2026-01-01
Recent 28D,08,Crime Type,EXTORTION,1,Wednesday,1,12,1,Day Shift (06:00-13:59),1,12:00-17:59,1,2025-12-05,2026-01-01
Recent 28D,08,Crime Type,FAMILY OFFENSE,3,Saturday,2,22,1,Night Shift (22:00-05:59),1,18:00-23:59,2,2025-12-05,2026-01-01
Recent 28D,08,Crime Type,FRAUD,52,Sunday,10,20,6,Evening Shift (14:00-21:59),25,12:00-17:59,19,2025-12-05,2026-01-01
Recent 28D,08,Crime Type,HOMICIDE,1,Thursday,1,15,1,Evening Shift (14:00-21:59),1,12:00-17:59,1,2025-12-05,2026-01-01
Recent 28D,08,Crime Type,KIDNAPPING,2,Sunday,1,2,1,Night Shift (22:00-05:59),1,00:00-05:59,1,2025-12-05,2026-01-01
Recent 28D,08,Crime Type,LARCENY,78,Tuesday,15,12,10,Evening Shift (14:00-21:59),29,12:00-17:59,30,2025-12-05,2026-01-01
Recent 28D,08,Crime Type,OBSTRUCTING JUDICIARY,16,Wednesday,4,18,4,Evening Shift (14:00-21:59),11,18:00-23:59,8,2025-12-05,2026-01-01
Recent 28D,08,Crime Type,OBSTRUCTING THE POLICE,11,Sunday,3,22,3,Night Shift (22:00-05:59),8,18:00-23:59,6,2025-12-05,2026-01-01
Recent 28D,08,Crime Type,OUIL,6,Sunday,2,16,2,Evening Shift (14:00-21:59),6,18:00-23:59,4,2025-12-05,2026-01-01
Recent 28D,08,Crime Type,ROBBERY,2,Saturday,1,21,1,Evening Shift (14:00-21:59),2,18:00-23:59,2,2025-12-05,2026-01-01
Recent 28D,08,Crime Type,RUNAWAY,8,Thursday,4,2,2,Night Shift (22:00-05:59),4,00:00-05:59,3,2025-12-05,2026-01-01
Recent 28D,08,Crime Type,SEX OFFENSES,2,Wednesday,1,14,1,Evening Shift (14:00-21:59),1,12:00-17:59,1,2025-12-05,2026-01-01
Recent 28D,08,Crime Type,SEXUAL ASSAULT,2,Sunday,1,18,1,Evening Shift (14:00-21:59),2,18:00-23:59,1,2025-12-05,2026-01-01
Recent 28D,08,Crime Type,STOLEN PROPERTY,26,Friday,10,10,4,Evening Shift (14:00-21:59),10,18:00-23:59,9,2025-12-05,2026-01-01
Recent 28D,08,Crime Type,STOLEN VEHICLE,61,Tuesday,12,23,6,Night Shift (22:00-05:59),29,18:00-23:59,24,2025-12-05,2026-01-01
Recent 28D,08,Crime Type,WEAPONS OFFENSES,28,Thursday,6,23,6,Night Shift (22:00-05:59),14,18:00-23:59,21,2025-12-05,2026-01-01
Recent 28D,08,Category Focus,Gun-Related,28,Thursday,6,23,6,Night Shift (22:00-05:59),14,18:00-23:59,21,2025-12-05,2026-01-01
Recent 28D,08,Category Focus,Property Crime,296,Monday,53,22,21,Evening Shift (14:00-21:59),118,12:00-17:59,96,2025-12-05,2026-01-01
Recent 28D,08,Category Focus,Larceny,78,Tuesday,15,12,10,Evening Shift (14:00-21:59),29,12:00-17:59,30,2025-12-05,2026-01-01
Recent 28D,09,All,All,571,Sunday,101,11,35,Evening Shift (14:00-21:59),216,18:00-23:59,166,2025-12-05,2026-01-01
Recent 28D,09,Crime Type,AGGRAVATED ASSAULT,58,Sunday,19,22,7,Night Shift (22:00-05:59),28,18:00-23:59,22,2025-12-05,2026-01-01
Recent 28D,09,Crime Type,ARSON,4,Sunday,3,18,1,Evening Shift (14:00-21:59),2,18:00-23:59,2,2025-12-05,2026-01-01
Recent 28D,09,Crime Type,ASSAULT,106,Thursday,22,1,9,Evening Shift (14:00-21:59),41,18:00-23:59,30,2025-12-05,2026-01-01
Recent 28D,09,Crime Type,BURGLARY,59,Saturday,11,12,8,Day Shift (06:00-13:59),26,12:00-17:59,22,2025-12-05,2026-01-01
Recent 28D,09,Crime Type,DAMAGE TO PROPERTY,68,Monday,14,11,7,Night Shift (22:00-05:59),28,00:00-05:59,22,2025-12-05,2026-01-01
Recent 28D,09,Crime Type,DANGEROUS DRUGS,12,Tuesday,7,15,5,Evening Shift (14:00-21:59),9,12:00-17:59,9,2025-12-05,2026-01-01
Recent 28D,09,Crime Type,DISORDERLY CONDUCT,1,Monday,1,9,1,Day Shift (06:00-13:59),1,06:00-11:59,1,2025-12-05,2026-01-01
Recent 28D,09,Crime Type,EXTORTION,1,Thursday,1,12,1,Day Shift (06:00-13:59),1,12:00-17:59,1,2025-12-05,2026-01-01
Recent 28D,09,Crime Type,FAMILY OFFENSE,8,Sunday,3,17,2,Evening Shift (14:00-21:59),5,12:00-17:59,4,2025-12-05,2026-01-01
Recent 28D,09,Crime Type,FRAUD,29,Friday,9,13,4,Day Shift (06:00-13:59),16,12:00-17:59,10,2025-12-05,2026-01-01
Recent 28D,09,Crime Type,INVASION OF PRIVACY -OTHER,1,Sunday,1,20,1,Evening Shift (14:00-21:59),1,18:00-23:59,1,2025-12-05,2026-01-01
Recent 28D,09,Crime Type,KIDNAPPING,2,Friday,1,16,1,Evening Shift (14:00-21:59),1,12:00-17:59,1,2025-12-05,2026-01-01
Recent 28D,09,Crime Type,LARCENY,78,Sunday,16,12,8,Evening Shift (14:00-21:59),28,12:00-17:59,32,2025-12-05,2026-01-01
Recent 28D,09,Crime Type,OBSTRUCTING JUDICIARY,4,Sunday,2,7,1,Evening Shift (14:00-21:59),2,18:00-23:59,2,2025-12-05,2026-01-01
Recent 28D,09,Crime Type,OBSTRUCTING THE POLICE,13,Wednesday,3,1,3,Night Shift (22:00-05:59),8,00:00-05:59,7,2025-12-05,2026-01-01
Recent 28D,09,Crime Type,OUIL,2,Wednesday,2,18,2,Evening Shift (14:00-21:59),2,18:00-23:59,2,2025-12-05,2026-01-01
Recent 28D,09,Crime Type,ROBBERY,7,Saturday,2,16,3,Evening Shift (14:00-21:59),4,00:00-05:59,3,2025-12-05,2026-01-01
Recent 28D,09,Crime Type,RUNAWAY,6,Wednesday,2,17,2,Evening Shift (14:00-21:59),5,18:00-23:59,3,2025-12-05,2026-01-01
Recent 28D,09,Crime Type,SEX OFFENSES,3,Thursday,1,18,1,Day Shift (06:00-13:59),2,06:00-11:59,2,2025-12-05,2026-01-01
Recent 28D,09,Crime Type,SEXUAL ASSAULT,3,Sunday,1,17,1,Evening Shift (14:00-21:59),1,12:00-17:59,1,2025-12-05,2026-01-01
Recent 28D,09,Crime Type,SOLICITATION,1,Friday,1,21,1,Evening Shift (14:00-21:59),1,18:00-23:59,1,2025-12-05,2026-01-01
Recent 28D,09,Crime Type,STOLEN PROPERTY,27,Thursday,6,11,4,Day Shift (06:00-13:59),12,12:00-17:59,8,2025-12-05,2026-01-01
Recent 28D,09,Crime Type,STOLEN VEHICLE,54,Friday,9,19,6,Evening Shift (14:00-21:59),26,18:00-23:59,25,2025-12-05,2026-01-01
Recent 28D,09,Crime Type,WEAPONS OFFENSES,24,Saturday,5,21,7,Evening Shift (14:00-21:59),14,18:00-23:59,9,2025-12-05,2026-01-01
Recent 28D,09,Category Focus,Gun-Related,24,Saturday,5,21,7,Evening Shift (14:00-21:59),14,18:00-23:59,9,2025-12-05,2026-01-01
Recent 28D,09,Category Focus,Property Crime,286,Sunday,48,11,25,Day Shift (06:00-13:59),99,12:00-17:59,80,2025-12-05,2026-01-01
Recent 28D,09,Category Focus,Larceny,78,Sunday,16,12,8,Evening Shift (14:00-21:59),28,12:00-17:59,32,2025-12-05,2026-01-01
Recent 28D,0W,All,All,1,Wednesday,1,2,1,Night Shift (22:00-05:59),1,00:00-05:59,1,2025-12-05,2026-01-01
Recent 28D,0W,Crime Type,FRAUD,1,Wednesday,1,2,1,Night Shift (22:00-05:59),1,00:00-05:59,1,2025-12-05,2026-01-01
Recent 28D,10,All,All,477,Wednesday,77,15,32,Evening Shift (14:00-21:59),186,18:00-23:59,152,2025-12-05,2026-01-01
Recent 28D,10,Crime Type,AGGRAVATED ASSAULT,46,Wednesday,10,23,6,Night Shift (22:00-05:59),19,18:00-23:59,17,2025-12-05,2026-01-01
Recent 28D,10,Crime Type,ARSON,7,Tuesday,4,20,2,Evening Shift (14:00-21:59),4,18:00-23:59,4,2025-12-05,2026-01-01
Recent 28D,10,Crime Type,ASSAULT,87,Saturday,19,15,10,Evening Shift (14:00-21:59),37,12:00-17:59,29,2025-12-05,2026-01-01
Recent 28D,10,Crime Type,BURGLARY,26,Wednesday,6,0,5,Night Shift (22:00-05:59),10,12:00-17:59,8,2025-12-05,2026-01-01
Recent 28D,10,Crime Type,DAMAGE TO PROPERTY,62,Tuesday,14,20,6,Evening Shift (14:00-21:59),24,12:00-17:59,18,2025-12-05,2026-01-01
Recent 28D,10,Crime Type,DANGEROUS DRUGS,2,Tuesday,1,15,1,Evening Shift (14:00-21:59),1,12:00-17:59,1,2025-12-05,2026-01-01
Recent 28D,10,Crime Type,DISORDERLY CONDUCT,2,Tuesday,1,10,1,Day Shift (06:00-13:59),1,06:00-11:59,1,2025-12-05,2026-01-01
Recent 28D,10,Crime Type,FAMILY OFFENSE,10,Tuesday,4,16,2,Evening Shift (14:00-21:59),5,12:00-17:59,5,2025-12-05,2026-01-01
Recent 28D,10,Crime Type,FORGERY,1,Wednesday,1,15,1,Evening Shift (14:00-21:59),1,12:00-17:59,1,2025-12-05,2026-01-01
Recent 28D,10,Crime Type,FRAUD,48,Wednesday,10,12,7,Evening Shift (14:00-21:59),21,12:00-17:59,21,2025-12-05,2026-01-01
Recent 28D,10,Crime Type,HEALTH AND SAFETY,5,Sunday,4,22,2,Night Shift (22:00-05:59),3,18:00-23:59,5,2025-12-05,2026-01-01
Recent 28D,10,Crime Type,INVASION OF PRIVACY -OTHER,3,Wednesday,2,23,1,Night Shift (22:00-05:59),1,18:00-23:59,2,2025-12-05,2026-01-01
Recent 28D,10,Crime Type,LARCENY,86,Monday,15,21,8,Evening Shift (14:00-21:59),38,18:00-23:59,32,2025-12-05,2026-01-01
Recent 28D,10,Crime Type,LIQUOR,1,Saturday,1,23,1,Night Shift (22:00-05:59),1,18:00-23:59,1,2025-12-05,2026-01-01
Recent 28D,10,Crime Type,MISCELLANEOUS,2,Sunday,2,12,1,Day Shift (06:00-13:59),1,12:00-17:59,2,2025-12-05,2026-01-01
Recent 28D,10,Crime Type,OBSTRUCTING JUDICIARY,10,Friday,3,6,3,Day Shift (06:00-13:59),8,06:00-11:59,6,2025-12-05,2026-01-01
Recent 28D,10,Crime Type,OBSTRUCTING THE POLICE,10,Thursday,2,21,2,Evening Shift (14:00-21:59),6,18:00-23:59,8,2025-12-05,2026-01-01
Recent 28D,10,Crime Type,ROBBERY,7,Monday,2,1,2,Night Shift (22:00-05:59),5,00:00-05:59,4,2025-12-05,2026-01-01
Recent 28D,10,Crime Type,RUNAWAY,3,Thursday,1,16,2,Evening Shift (14:00-21:59),2,12:00-17:59,2,2025-12-05,2026-01-01
Recent 28D,10,Crime Type,SEX OFFENSES,6,Thursday,2,23,2,Night Shift (22:00-05:59),3,18:00-23:59,3,2025-12-05,2026-01-01
Recent 28D,10,Crime Type,SEXUAL ASSAULT,4,Sunday,3,2,1,Night Shift (22:00-05:59),2,00:00-05:59,2,2025-12-05,2026-01-01
Recent 28D,10,Crime Type,STOLEN PROPERTY,13,Friday,5,22,2,Night Shift (22:00-05:59),6,18:00-23:59,6,2025-12-05,2026-01-01
Recent 28D,10,Crime Type,STOLEN VEHICLE,17,Tuesday,6,20,3,Night Shift (22:00-05:59),8,18:00-23:59,6,2025-12-05,2026-01-01
Recent 28D,10,Crime Type,WEAPONS OFFENSES,19,Tuesday,4,0,5,Night Shift (22:00-05:59),10,18:00-23:59,9,2025-12-05,2026-01-01
Recent 28D,10,Category Focus,Gun-Related,19,Tuesday,4,0,5,Night Shift (22:00-05:59),10,18:00-23:59,9,2025-12-05,2026-01-01
Recent 28D,10,Category Focus,Property Crime,204,Friday,34,20,15,Evening Shift (14:00-21:59),79,18:00-23:59,65,2025-12-05,2026-01-01
Recent 28D,10,Category Focus,Larceny,86,Monday,15,21,8,Evening Shift (14:00-21:59),38,18:00-23:59,32,2025-12-05,2026-01-01
Recent 28D,11,All,All,380,Saturday,68,0,28,Evening Shift (14:00-21:59),161,18:00-23:59,120,2025-12-05,2026-01-01
Recent 28D,11,Crime Type,AGGRAVATED ASSAULT,38,Wednesday,6,20,4,Evening Shift (14:00-21:59),17,18:00-23:59,14,2025-12-05,2026-01-01
Recent 28D,11,Crime Type,ARSON,3,Friday,2,4,1,Night Shift (22:00-05:59),3,18:00-23:59,2,2025-12-05,2026-01-01
Recent 28D,11,Crime Type,ASSAULT,89,Saturday,18,0,9,Evening Shift (14:00-21:59),35,12:00-17:59,28,2025-12-05,2026-01-01
Recent 28D,11,Crime Type,BURGLARY,22,Wednesday,7,12,3,Day Shift (06:00-13:59),10,00:00-05:59,7,2025-12-05,2026-01-01
Recent 28D,11,Crime Type,DAMAGE TO PROPERTY,55,Saturday,13,22,5,Night Shift (22:00-05:59),23,18:00-23:59,18,2025-12-05,2026-01-01
Recent 28D,11,Crime Type,DANGEROUS DRUGS,9,Tuesday,4,15,3,Evening Shift (14:00-21:59),5,12:00-17:59,5,2025-12-05,2026-01-01
Recent 28D,11,Crime Type,DISORDERLY CONDUCT,1,Monday,1,3,1,Night Shift (22:00-05:59),1,00:00-05:59,1,2025-12-05,2026-01-01
Recent 28D,11,Crime Type,FAMILY OFFENSE,4,Saturday,3,21,1,Evening Shift (14:00-21:59),2,12:00-17:59,2,2025-12-05,2026-01-01
Recent 28D,11,Crime Type,FRAUD,42,Friday,12,12,8,Day Shift (06:00-13:59),19,12:00-17:59,21,2025-12-05,2026-01-01
Recent 28D,11,Crime Type,HEALTH AND SAFETY,4,Sunday,2,0,2,Night Shift (22:00-05:59),2,00:00-05:59,2,2025-12-05,2026-01-01
Recent 28D,11,Crime Type,INVASION OF PRIVACY -OTHER,3,Tuesday,1,15,1,Evening Shift (14:00-21:59),3,12:00-17:59,2,2025-12-05,2026-01-01
Recent 28D,11,Crime Type,KIDNAPPING,1,Thursday,1,17,1,Evening Shift (14:00-21:59),1,12:00-17:59,1,2025-12-05,2026-01-01
Recent 28D,11,Crime Type,LARCENY,49,Tuesday,9,18,7,Evening Shift (14:00-21:59),23,18:00-23:59,24,2025-12-05,2026-01-01
Recent 28D,11,Crime Type,OBSTRUCTING JUDICIARY,9,Friday,3,19,3,Evening Shift (14:00-21:59),7,18:00-23:59,4,2025-12-05,2026-01-01
Recent 28D,11,Crime Type,OBSTRUCTING THE POLICE,11,Sunday,3,15,2,Night Shift (22:00-05:59),5,18:00-23:59,5,2025-12-05,2026-01-01
Recent 28D,11,Crime Type,OUIL,4,Saturday,2,0,4,Night Shift (22:00-05:59),4,00:00-05:59,4,2025-12-05,2026-01-01
Recent 28D,11,Crime Type,ROBBERY,5,Sunday,2,14,1,Evening Shift (14:00-21:59),2,00:00-05:59,2,2025-12-05,2026-01-01
Recent 28D,11,Crime Type,RUNAWAY,2,Saturday,1,15,1,Evening Shift (14:00-21:59),2,12:00-17:59,2,2025-12-05,2026-01-01
Recent 28D,11,Crime Type,SEXUAL ASSAULT,3,Thursday,1,17,1,Evening Shift (14:00-21:59),3,12:00-17:59,2,2025-12-05,2026-01-01
Recent 28D,11,Crime Type,STOLEN PROPERTY,7,Sunday,3,3,2,Night Shift (22:00-05:59),4,00:00-05:59,3,2025-12-05,2026-01-01
Recent 28D,11,Crime Type,STOLEN VEHICLE,16,Friday,4,18,3,Evening Shift (14:00-21:59),9,18:00-23:59,9,2025-12-05,2026-01-01
Recent 28D,11,Crime Type,WEAPONS OFFENSES,3,Sunday,2,1,2,Night Shift (22:00-05:59),2,00:00-05:59,2,2025-12-05,2026-01-01
Recent 28D,11,Category Focus,Gun-Related,3,Sunday,2,1,2,Night Shift (22:00-05:59),2,00:00-05:59,2,2025-12-05,2026-01-01
Recent 28D,11,Category Focus,Property Crime,149,Saturday,29,18,14,Evening Shift (14:00-21:59),58,18:00-23:59,55,2025-12-05,2026-01-01
Recent 28D,11,Category Focus,Larceny,49,Tuesday,9,18,7,Evening Shift (14:00-21:59),23,18:00-23:59,24,2025-12-05,2026-01-01
Recent 28D,12,All,All,501,Sunday,81,15,34,Evening Shift (14:00-21:59),198,18:00-23:59,156,2025-12-05,2026-01-01
Recent 28D,12,Crime Type,AGGRAVATED ASSAULT,39,Friday,9,3,4,Night Shift (22:00-05:59),15,00:00-05:59,14,2025-12-05,2026-01-01
Recent 28D,12,Crime Type,ARSON,4,Tuesday,1,3,2,Night Shift (22:00-05:59),3,00:00-05:59,3,2025-12-05,2026-01-01
Recent 28D,12,Crime Type,ASSAULT,131,Monday,26,21,10,Evening Shift (14:00-21:59),51,18:00-23:59,47,2025-12-05,2026-01-01
Recent 28D,12,Crime Type,BURGLARY,39,Sunday,9,15,5,Evening Shift (14:00-21:59),20,12:00-17:59,15,2025-12-05,2026-01-01
Recent 28D,12,Crime Type,DAMAGE TO PROPERTY,68,Sunday,16,20,5,Evening Shift (14:00-21:59),31,18:00-23:59,21,2025-12-05,2026-01-01
Recent 28D,12,Crime Type,DANGEROUS DRUGS,4,Tuesday,2,22,1,Night Shift (22:00-05:59),2,12:00-17:59,2,2025-12-05,2026-01-01
Recent 28D,12,Crime Type,DISORDERLY CONDUCT,1,Monday,1,0,1,Night Shift (22:00-05:59),1,00:00-05:59,1,2025-12-05,2026-01-01
Recent 28D,12,Crime Type,FAMILY OFFENSE,5,Monday,2,21,1,Night Shift (22:00-05:59),3,18:00-23:59,3,2025-12-05,2026-01-01
Recent 28D,12,Crime Type,FRAUD,31,Friday,8,12,5,Evening Shift (14:00-21:59),13,12:00-17:59,18,2025-12-05,2026-01-01
Recent 28D,12,Crime Type,HEALTH AND SAFETY,1,Friday,1,8,1,Day Shift (06:00-13:59),1,06:00-11:59,1,2025-12-05,2026-01-01
Recent 28D,12,Crime Type,HOMICIDE,1,Friday,1,19,1,Evening Shift (14:00-21:59),1,18:00-23:59,1,2025-12-05,2026-01-01
Recent 28D,12,Crime Type,INVASION OF PRIVACY -OTHER,1,Wednesday,1,10,1,Day Shift (06:00-13:59),1,06:00-11:59,1,2025-12-05,2026-01-01
Recent 28D,12,Crime Type,KIDNAPPING,1,Tuesday,1,12,1,Day Shift (06:00-13:59),1,12:00-17:59,1,2025-12-05,2026-01-01
Recent 28D,12,Crime Type,LARCENY,71,Sunday,16,22,9,Evening Shift (14:00-21:59),26,12:00-17:59,25,2025-12-05,2026-01-01
Recent 28D,12,Crime Type,LIQUOR,1,Sunday,1,21,1,Evening Shift (14:00-21:59),1,18:00-23:59,1,2025-12-05,2026-01-01
Recent 28D,12,Crime Type,OBSTRUCTING JUDICIARY,16,Thursday,5,12,3,Day Shift (06:00-13:59),7,12:00-17:59,7,2025-12-05,2026-01-01
Recent 28D,12,Crime Type,OBSTRUCTING THE POLICE,7,Saturday,4,21,3,Evening Shift (14:00-21:59),6,18:00-23:59,5,2025-12-05,2026-01-01
Recent 28D,12,Crime Type,ROBBERY,5,Thursday,2,7,1,Day Shift (06:00-13:59),2,18:00-23:59,3,2025-12-05,2026-01-01
Recent 28D,12,Crime Type,RUNAWAY,8,Monday,3,14,1,Evening Shift (14:00-21:59),4,18:00-23:59,4,2025-12-05,2026-01-01
Recent 28D,12,Crime Type,SEX OFFENSES,1,Friday,1,3,1,Night Shift (22:00-05:59),1,00:00-05:59,1,2025-12-05,2026-01-01
Recent 28D,12,Crime Type,SEXUAL ASSAULT,2,Saturday,1,8,1,Day Shift (06:00-13:59),2,06:00-11:59,2,2025-12-05,2026-01-01
Recent 28D,12,Crime Type,STOLEN PROPERTY,6,Tuesday,2,0,1,Evening Shift (14:00-21:59),3,18:00-23:59,2,2025-12-05,2026-01-01
Recent 28D,12,Crime Type,STOLEN VEHICLE,46,Tuesday,10,5,5,Night Shift (22:00-05:59),22,00:00-05:59,18,2025-12-05,2026-01-01
Recent 28D,12,Crime Type,WEAPONS OFFENSES,12,Thursday,3,22,3,Night Shift (22:00-05:59),8,18:00-23:59,7,2025-12-05,2026-01-01
Recent 28D,12,Category Focus,Gun-Related,12,Thursday,3,22,3,Night Shift (22:00-05:59),8,18:00-23:59,7,2025-12-05,2026-01-01
Recent 28D,12,Category Focus,Property Crime,230,Sunday,46,15,21,Evening Shift (14:00-21:59),97,12:00-17:59,70,2025-12-05,2026-01-01
Recent 28D,12,Category Focus,Larceny,71,Sunday,16,22,9,Evening Shift (14:00-21:59),26,12:00-17:59,25,2025-12-05,2026-01-01
